{"eval_loss": 2.6884207725524902, "eval_pred_num_tokens": 104.6875, "eval_true_num_tokens": 105.234375, "eval_token_set_precision": 0.5244082680201053, "eval_token_set_recall": 0.6206372222477556, "eval_token_set_f1": 0.5509681637303835, "eval_n_ngrams_match_1": 39.392, "eval_n_ngrams_match_2": 13.204, "eval_n_ngrams_match_3": 5.768, "eval_num_true_words": 81.376, "eval_num_pred_words": 75.822, "eval_bleu_score": 12.25650900950627, "eval_meteor_score": 0.43407261962514687, "eval_rouge_score": 0.5507009353688302, "eval_exact_match": 0.048, "eval_emb_cos_sim": 0.9550418853759766, "eval_runtime": 53622.1906, "eval_samples_per_second": 0.009, "eval_steps_per_second": 0.005, "_eval_args": {"alias": "openai_msmarco__msl128__100epoch__correct", "num_samples": 500, "return_best_hypothesis": 1, "num_gen_recursive_steps": 50, "sequence_beam_width": 8, "beam_width": 1, "dataset": "webis-touche2020"}}