{"eval_loss": 2.637558698654175, "eval_pred_num_tokens": 104.9921875, "eval_true_num_tokens": 105.234375, "eval_token_set_precision": 0.5320179535265431, "eval_token_set_recall": 0.6367241551407182, "eval_token_set_f1": 0.5619502293306481, "eval_n_ngrams_match_1": 40.755, "eval_n_ngrams_match_2": 13.605, "eval_n_ngrams_match_3": 6.035, "eval_num_true_words": 83.13, "eval_num_pred_words": 78.8, "eval_bleu_score": 12.519910628271349, "eval_meteor_score": 0.43861378996238964, "eval_rouge_score": 0.5601723215952609, "eval_exact_match": 0.065, "eval_emb_cos_sim": 0.9549114108085632, "eval_runtime": 35451.6344, "eval_samples_per_second": 0.006, "eval_steps_per_second": 0.006, "_eval_args": {"alias": "openai_msmarco__msl128__100epoch__correct", "num_samples": 200, "return_best_hypothesis": 1, "num_gen_recursive_steps": 50, "sequence_beam_width": 8, "beam_width": 1, "dataset": "webis-touche2020"}}