{"eval_loss": 1.9514864683151245, "eval_pred_num_tokens": 77.953125, "eval_true_num_tokens": 80.859375, "eval_token_set_precision": 0.5762794746132283, "eval_token_set_recall": 0.6417364758597626, "eval_token_set_f1": 0.6030800293590438, "eval_bleu_score": 20.115721466706734, "eval_meteor_score": 0.4677236150510921, "eval_rouge_score": 0.596189899854786, "eval_exact_match": 0.008, "eval_emb_cos_sim": 0.9626590609550476, "eval_runtime": 26544.7935, "eval_samples_per_second": 0.019, "eval_steps_per_second": 0.009, "_eval_args": {"alias": "openai_msmarco__msl128__100epoch__correct_cheat", "num_samples": 500, "return_best_hypothesis": 0, "num_gen_recursive_steps": 50, "sequence_beam_width": 1, "beam_width": 8}}