{"eval_loss": 1.4902466535568237, "eval_pred_num_tokens": 93.13130950927734, "eval_true_num_tokens": 94.82828521728516, "eval_token_set_precision": 0.7558981085033933, "eval_token_set_recall": 0.8269109265467093, "eval_token_set_f1": 0.7870829156889084, "eval_token_set_f1_sem": 0.013794194619968602, "eval_n_ngrams_match_1": 51.878787878787875, "eval_n_ngrams_match_2": 33.111111111111114, "eval_n_ngrams_match_3": 23.727272727272727, "eval_num_true_words": 71.77777777777777, "eval_num_pred_words": 67.4040404040404, "eval_bleu_score": 46.63239640167292, "eval_bleu_score_sem": 2.5825214095426356, "eval_rouge_score": 0.782984250598058, "eval_exact_match": 0.1111111111111111, "eval_exact_match_sem": 0.031746031746031744, "eval_emb_cos_sim": 0.9516479969024658, "eval_emb_cos_sim_sem": 0.01970868488094431, "eval_runtime": 12367.3432, "eval_samples_per_second": 0.008, "eval_steps_per_second": 0.008, "_eval_args": {"alias": "openai_msmarco__msl128__200epoch__correct", "num_samples": 99, "return_best_hypothesis": 1, "num_gen_recursive_steps": 50, "sequence_beam_width": 8, "beam_width": 1, "dataset": "hotpotqa"}}