{"eval_loss": 0.8787637948989868, "eval_pred_num_tokens": 18.640625, "eval_true_num_tokens": 15.53125, "eval_token_set_precision": 0.9579855493822863, "eval_token_set_recall": 0.9244027187057743, "eval_token_set_f1": 0.9346249586703604, "eval_n_ngrams_match_1": 11.898, "eval_n_ngrams_match_2": 9.754, "eval_n_ngrams_match_3": 8.25, "eval_num_true_words": 12.676, "eval_num_pred_words": 13.888, "eval_bleu_score": 73.31835312010269, "eval_meteor_score": 0.9304190152237477, "eval_rouge_score": 0.9276115136770634, "eval_exact_match": 0.66, "eval_emb_cos_sim": 0.9904309511184692, "eval_runtime": 74317.6005, "eval_samples_per_second": 0.007, "eval_steps_per_second": 0.003, "_eval_args": {"alias": "openai_msmarco__msl128__100epoch__correct", "num_samples": 500, "return_best_hypothesis": 1, "num_gen_recursive_steps": 50, "sequence_beam_width": 8, "beam_width": 1, "dataset": "quora"}}