{"eval_loss": 2.115057945251465, "eval_pred_num_tokens": 123.66666412353516, "eval_true_num_tokens": 125.44444274902344, "eval_token_set_precision": 0.5403979611923341, "eval_token_set_recall": 0.6447114946181173, "eval_token_set_f1": 0.5860657678727531, "eval_token_set_f1_sem": 0.01136371135581243, "eval_n_ngrams_match_1": 50.27272727272727, "eval_n_ngrams_match_2": 20.848484848484848, "eval_n_ngrams_match_3": 11.171717171717171, "eval_num_true_words": 88.43434343434343, "eval_num_pred_words": 82.04040404040404, "eval_bleu_score": 19.26021673801608, "eval_bleu_score_sem": 1.570210109129837, "eval_rouge_score": 0.6046624836045107, "eval_exact_match": 0.020202020202020204, "eval_exact_match_sem": 0.014211916019907797, "eval_emb_cos_sim": 0.9810908436775208, "eval_emb_cos_sim_sem": 0.0011976368905837528, "eval_runtime": 16876.0339, "eval_samples_per_second": 0.006, "eval_steps_per_second": 0.006, "_eval_args": {"alias": "openai_msmarco__msl128__200epoch__correct", "num_samples": 99, "return_best_hypothesis": 1, "num_gen_recursive_steps": 50, "sequence_beam_width": 8, "beam_width": 1, "dataset": "trec-covid"}}