{"eval_loss": 2.237851142883301, "eval_pred_num_tokens": 125.796875, "eval_true_num_tokens": 127.34375, "eval_token_set_precision": 0.45193997334699054, "eval_token_set_recall": 0.5800144098540614, "eval_token_set_f1": 0.5056703440870547, "eval_n_ngrams_match_1": 45.545, "eval_n_ngrams_match_2": 16.84, "eval_n_ngrams_match_3": 7.97, "eval_num_true_words": 91.16, "eval_num_pred_words": 82.35, "eval_bleu_score": 14.094596454917356, "eval_meteor_score": 0.3735011110637743, "eval_rouge_score": 0.5174531032855878, "eval_exact_match": 0.0, "eval_emb_cos_sim": 0.9711941480636597, "eval_runtime": 39155.2781, "eval_samples_per_second": 0.005, "eval_steps_per_second": 0.005, "_eval_args": {"alias": "openai_msmarco__msl128__100epoch__correct", "num_samples": 200, "return_best_hypothesis": 1, "num_gen_recursive_steps": 50, "sequence_beam_width": 8, "beam_width": 1, "dataset": "nfcorpus"}}