{"eval_loss": 2.096778392791748, "eval_pred_num_tokens": 125.46464538574219, "eval_true_num_tokens": 127.43434143066406, "eval_token_set_precision": 0.524309798418873, "eval_token_set_recall": 0.6207156444894129, "eval_token_set_f1": 0.5664327837925751, "eval_token_set_f1_sem": 0.01046872011457483, "eval_n_ngrams_match_1": 47.43434343434343, "eval_n_ngrams_match_2": 19.13131313131313, "eval_n_ngrams_match_3": 9.686868686868687, "eval_num_true_words": 85.64646464646465, "eval_num_pred_words": 78.43434343434343, "eval_bleu_score": 16.583131410591637, "eval_bleu_score_sem": 1.0102912150147905, "eval_rouge_score": 0.5800312056562806, "eval_exact_match": 0.0, "eval_exact_match_sem": 0.0, "eval_emb_cos_sim": 0.9774140119552612, "eval_emb_cos_sim_sem": 0.0013870112315421453, "eval_runtime": 16770.5581, "eval_samples_per_second": 0.006, "eval_steps_per_second": 0.006, "_eval_args": {"alias": "openai_msmarco__msl128__200epoch__correct", "num_samples": 99, "return_best_hypothesis": 1, "num_gen_recursive_steps": 50, "sequence_beam_width": 8, "beam_width": 1, "dataset": "scifact"}}