{"eval_loss": 2.2323126792907715, "eval_accuracy": 0.6957070707070707, "eval_pred_num_tokens": 78.41413879394531, "eval_true_num_tokens": 76.46464538574219, "eval_token_set_precision": 0.4532323048177788, "eval_token_set_recall": 0.5777830618626544, "eval_token_set_f1": 0.4918495616381825, "eval_token_set_f1_std": 0.14528175616440211, "eval_n_ngrams_match_1": 25.0, "eval_n_ngrams_match_2": 9.222222222222221, "eval_n_ngrams_match_3": 3.95959595959596, "eval_num_true_words": 54.535353535353536, "eval_num_pred_words": 53.666666666666664, "eval_bleu_score": 12.638914195032385, "eval_bleu_score_std": 11.325577720936865, "eval_rouge_score": 0.4789707920503612, "eval_exact_match": 0.0, "eval_exact_match_std": 0.0, "eval_emb_cos_sim": 0.9393349289894104, "eval_emb_cos_sim_std": 0.03225262090563774, "eval_perplexity": 9.321398576455282, "eval_runtime": 87.4233, "eval_samples_per_second": 1.132, "eval_steps_per_second": 1.132, "_eval_args": {"alias": "openai_msmarco__msl128__100epoch", "num_samples": 99, "return_best_hypothesis": 1, "num_gen_recursive_steps": 50, "sequence_beam_width": 8, "beam_width": 1, "dataset": "fever"}}