{"eval_loss": 0.640424907207489, "eval_pred_num_tokens": 31.0, "eval_true_num_tokens": 32.0, "eval_token_set_precision": 0.9576663225214315, "eval_token_set_recall": 0.962489259430012, "eval_token_set_f1": 0.9598978538971308, "eval_bleu_score": 84.06861757864765, "eval_meteor_score": 0.944129640369374, "eval_rouge_score": 0.9539194749815181, "eval_exact_match": 0.524, "eval_emb_cos_sim": 0.9906384944915771, "eval_runtime": 614.1114, "eval_samples_per_second": 0.814, "eval_steps_per_second": 0.052, "_eval_args": {"alias": "gtr_nq__msl32_beta__correct", "num_samples": 500, "return_best_hypothesis": 1, "num_gen_recursive_steps": 50, "sequence_beam_width": 1, "beam_width": 1}}