{"eval_loss": 1.693878412246704, "eval_pred_num_tokens": 81.5625, "eval_true_num_tokens": 80.859375, "eval_token_set_precision": 0.6812549711837252, "eval_token_set_recall": 0.7373529058147318, "eval_token_set_f1": 0.7051140980069848, "eval_bleu_score": 32.54665677848797, "eval_meteor_score": 0.5910828180371354, "eval_rouge_score": 0.6920837298335354, "eval_exact_match": 0.048, "eval_emb_cos_sim": 0.9801222085952759, "eval_runtime": 11179.2249, "eval_samples_per_second": 0.045, "eval_steps_per_second": 0.022, "_eval_args": {"alias": "openai_msmarco__msl128__100epoch__correct", "num_samples": 500, "return_best_hypothesis": 1, "num_gen_recursive_steps": 10, "sequence_beam_width": 8, "beam_width": 1}}