{"eval_loss": 1.9514669179916382, "eval_pred_num_tokens": 83.7109375, "eval_true_num_tokens": 80.859375, "eval_token_set_precision": 0.6729179927139451, "eval_token_set_recall": 0.6800478141567916, "eval_token_set_f1": 0.6742999678776748, "eval_bleu_score": 26.394047832568425, "eval_meteor_score": 0.553388887744445, "eval_rouge_score": 0.6734524422452435, "eval_exact_match": 0.042, "eval_emb_cos_sim": 0.9803194403648376, "eval_runtime": 63689.8267, "eval_samples_per_second": 0.008, "eval_steps_per_second": 0.004, "_eval_args": {"alias": "openai_msmarco__msl128__100epoch__correct_cheat", "num_samples": 500, "return_best_hypothesis": 1, "num_gen_recursive_steps": 50, "sequence_beam_width": 8, "beam_width": 1}}