{"eval_loss": 0.6404249668121338, "eval_pred_num_tokens": 31.0, "eval_true_num_tokens": 32.0, "eval_token_set_precision": 0.8179195296229971, "eval_token_set_recall": 0.8332628022723925, "eval_token_set_f1": 0.8249157940564308, "eval_bleu_score": 53.62877152044468, "eval_meteor_score": 0.7622626352406596, "eval_rouge_score": 0.8022579886473036, "eval_exact_match": 0.112, "eval_emb_cos_sim": 0.9575001001358032, "eval_runtime": 262.2391, "eval_samples_per_second": 1.907, "eval_steps_per_second": 0.953, "_eval_args": {"alias": "gtr_nq__msl32_beta__correct", "num_samples": 500, "return_best_hypothesis": 0, "num_gen_recursive_steps": 1, "sequence_beam_width": 1, "beam_width": 8}}