{"eval_loss": 1.7111083269119263, "eval_pred_num_tokens": 80.1640625, "eval_true_num_tokens": 80.859375, "eval_token_set_precision": 0.611620808249903, "eval_token_set_recall": 0.6869908051263578, "eval_token_set_f1": 0.6431544102176284, "eval_bleu_score": 25.876263417435148, "eval_meteor_score": 0.5173441374842703, "eval_rouge_score": 0.6300139843764634, "eval_exact_match": 0.008, "eval_emb_cos_sim": 0.9685915112495422, "eval_runtime": 3852.0667, "eval_samples_per_second": 0.13, "eval_steps_per_second": 0.008, "_eval_args": {"alias": "openai_msmarco__msl128__100epoch__correct", "num_samples": 500, "return_best_hypothesis": 1, "num_gen_recursive_steps": 50, "sequence_beam_width": 1, "beam_width": 1}}