{"eval_loss": 1.6936644315719604, "eval_pred_num_tokens": 81.65625, "eval_true_num_tokens": 80.859375, "eval_token_set_precision": 0.6508410426291872, "eval_token_set_recall": 0.713030552348968, "eval_token_set_f1": 0.6760309400835433, "eval_bleu_score": 29.173737519294583, "eval_meteor_score": 0.5565360536195437, "eval_rouge_score": 0.6609915133627257, "eval_exact_match": 0.022, "eval_emb_cos_sim": 0.9729146957397461, "eval_runtime": 34234.9486, "eval_samples_per_second": 0.015, "eval_steps_per_second": 0.007, "_eval_args": {"alias": "openai_msmarco__msl128__100epoch__correct", "num_samples": 500, "return_best_hypothesis": 1, "num_gen_recursive_steps": 50, "sequence_beam_width": 1, "beam_width": 8}}