{"eval_loss": 2.1311538219451904, "eval_pred_num_tokens": 71.75, "eval_true_num_tokens": 73.3671875, "eval_token_set_precision": 0.6885548435097477, "eval_token_set_recall": 0.7423453731412327, "eval_token_set_f1": 0.7079354759108432, "eval_n_ngrams_match_1": 31.385, "eval_n_ngrams_match_2": 16.95, "eval_n_ngrams_match_3": 10.84, "eval_num_true_words": 50.995, "eval_num_pred_words": 49.42, "eval_bleu_score": 29.184571329017988, "eval_meteor_score": 0.6151980440588396, "eval_rouge_score": 0.7104381415299529, "eval_exact_match": 0.165, "eval_emb_cos_sim": 0.9775003790855408, "eval_runtime": 26924.4336, "eval_samples_per_second": 0.007, "eval_steps_per_second": 0.007, "_eval_args": {"alias": "openai_msmarco__msl128__100epoch__correct", "num_samples": 200, "return_best_hypothesis": 1, "num_gen_recursive_steps": 50, "sequence_beam_width": 8, "beam_width": 1, "dataset": "fever"}}