{"eval_loss": 2.1593873500823975, "eval_accuracy": 0.8171882762046696, "eval_pred_num_tokens": 31.1616153717041, "eval_true_num_tokens": 23.727272033691406, "eval_token_set_precision": 0.5222127150596814, "eval_token_set_recall": 0.5069493519598299, "eval_token_set_f1": 0.4949728264711765, "eval_token_set_f1_std": 0.18966825480643534, "eval_n_ngrams_match_1": 7.898989898989899, "eval_n_ngrams_match_2": 2.909090909090909, "eval_n_ngrams_match_3": 1.3535353535353536, "eval_num_true_words": 15.727272727272727, "eval_num_pred_words": 19.585858585858585, "eval_bleu_score": 13.219053529041991, "eval_bleu_score_std": 15.133618474592943, "eval_rouge_score": 0.4600406106643299, "eval_exact_match": 0.010101010101010102, "eval_exact_match_std": 0.09999489834961281, "eval_emb_cos_sim": 0.9124947190284729, "eval_emb_cos_sim_std": 0.04511955752968788, "eval_perplexity": 8.665826913671268, "eval_runtime": 55.6937, "eval_samples_per_second": 1.778, "eval_steps_per_second": 1.778, "_eval_args": {"alias": "openai_msmarco__msl128__100epoch", "num_samples": 99, "return_best_hypothesis": 1, "num_gen_recursive_steps": 50, "sequence_beam_width": 8, "beam_width": 1, "dataset": "signal1m"}}