{"eval_loss": 1.8504897356033325, "eval_pred_num_tokens": 125.88888549804688, "eval_true_num_tokens": 127.65656280517578, "eval_token_set_precision": 0.6073727310478187, "eval_token_set_recall": 0.6974343600033026, "eval_token_set_f1": 0.6480208882700094, "eval_token_set_f1_sem": 0.008238527799284093, "eval_n_ngrams_match_1": 57.84848484848485, "eval_n_ngrams_match_2": 28.696969696969695, "eval_n_ngrams_match_3": 17.282828282828284, "eval_num_true_words": 91.01010101010101, "eval_num_pred_words": 85.38383838383838, "eval_bleu_score": 25.780123096475354, "eval_bleu_score_sem": 1.0953866715018732, "eval_rouge_score": 0.6634093844771092, "eval_exact_match": 0.0, "eval_exact_match_sem": 0.0, "eval_emb_cos_sim": 0.987309455871582, "eval_emb_cos_sim_sem": 0.0008117337825570524, "eval_runtime": 24666.0513, "eval_samples_per_second": 0.004, "eval_steps_per_second": 0.004, "_eval_args": {"alias": "openai_msmarco__msl128__200epoch__correct", "num_samples": 99, "return_best_hypothesis": 1, "num_gen_recursive_steps": 50, "sequence_beam_width": 8, "beam_width": 1, "dataset": "nfcorpus"}}