{"eval_loss": 0.6403788924217224, "eval_pred_num_tokens": 31.0, "eval_true_num_tokens": 32.0, "eval_token_set_precision": 0.9808898004579139, "eval_token_set_recall": 0.9820988675404759, "eval_token_set_f1": 0.981439112572702, "eval_token_set_f1_sem": 0.002483465856297647, "eval_n_ngrams_match_1": 23.858, "eval_n_ngrams_match_2": 21.968, "eval_n_ngrams_match_3": 20.458, "eval_num_true_words": 24.368, "eval_num_pred_words": 24.38, "eval_bleu_score": 92.74302391973079, "eval_bleu_score_sem": 0.7961739662326602, "eval_rouge_score": 0.9816138693667087, "eval_exact_match": 0.812, "eval_exact_match_sem": 0.017490678880346257, "eval_emb_cos_sim": 0.9971797466278076, "eval_emb_cos_sim_sem": 0.0004050304119875668, "eval_runtime": 4360.4254, "eval_samples_per_second": 0.115, "eval_steps_per_second": 0.115, "_eval_args": {"alias": "gtr_nq__msl32_beta__correct", "num_samples": 500, "return_best_hypothesis": 1, "num_gen_recursive_steps": 20, "sequence_beam_width": 1, "beam_width": 8, "dataset": null}}