{"eval_loss": 0.6403788924217224, "eval_pred_num_tokens": 31.0, "eval_true_num_tokens": 32.0, "eval_token_set_precision": 0.9680358022343846, "eval_token_set_recall": 0.9720533635028566, "eval_token_set_f1": 0.9698466362773732, "eval_token_set_f1_sem": 0.0038372809963897418, "eval_n_ngrams_match_1": 23.602, "eval_n_ngrams_match_2": 21.646, "eval_n_ngrams_match_3": 20.13, "eval_num_true_words": 24.368, "eval_num_pred_words": 24.33, "eval_bleu_score": 91.1979122291276, "eval_bleu_score_sem": 0.9108891127466356, "eval_rouge_score": 0.9715545973385524, "eval_exact_match": 0.774, "eval_exact_match_sem": 0.01872295644913999, "eval_emb_cos_sim": 0.9951137900352478, "eval_emb_cos_sim_sem": 0.0006797577627200743, "eval_runtime": 17751.7085, "eval_samples_per_second": 0.028, "eval_steps_per_second": 0.028, "_eval_args": {"alias": "gtr_nq__msl32_beta__correct", "num_samples": 500, "return_best_hypothesis": 0, "num_gen_recursive_steps": 50, "sequence_beam_width": 8, "beam_width": 1, "dataset": null}}