{"eval_loss": 2.3050882816314697, "eval_accuracy": 0.5121527777777778, "eval_pred_num_tokens": 126.89898681640625, "eval_true_num_tokens": 127.65656280517578, "eval_token_set_precision": 0.33225075915782226, "eval_token_set_recall": 0.5081472996255834, "eval_token_set_f1": 0.39588099078703065, "eval_token_set_f1_std": 0.06496915715662077, "eval_n_ngrams_match_1": 36.2020202020202, "eval_n_ngrams_match_2": 9.878787878787879, "eval_n_ngrams_match_3": 3.1313131313131315, "eval_num_true_words": 91.01010101010101, "eval_num_pred_words": 84.77777777777777, "eval_bleu_score": 6.199671494857762, "eval_bleu_score_std": 3.3316329146515478, "eval_rouge_score": 0.38720763693454957, "eval_exact_match": 0.0, "eval_exact_match_std": 0.0, "eval_emb_cos_sim": 0.9249541759490967, "eval_emb_cos_sim_std": 0.028734691441059113, "eval_perplexity": 10.025063242298819, "eval_runtime": 132.7087, "eval_samples_per_second": 0.746, "eval_steps_per_second": 0.746, "_eval_args": {"alias": "openai_msmarco__msl128__100epoch", "num_samples": 99, "return_best_hypothesis": 1, "num_gen_recursive_steps": 50, "sequence_beam_width": 8, "beam_width": 1, "dataset": "nfcorpus"}}