{"eval_loss": 0.6403788924217224, "eval_pred_num_tokens": 31.0, "eval_true_num_tokens": 32.0, "eval_token_set_precision": 0.991667068126531, "eval_token_set_recall": 0.991887428603762, "eval_token_set_f1": 0.9917477164486258, "eval_token_set_f1_sem": 0.0018881336211153917, "eval_n_ngrams_match_1": 24.148, "eval_n_ngrams_match_2": 22.822, "eval_n_ngrams_match_3": 21.634, "eval_num_true_words": 24.368, "eval_num_pred_words": 24.366, "eval_bleu_score": 97.1855582902368, "eval_bleu_score_sem": 0.5179897176985188, "eval_rouge_score": 0.9926538579408107, "eval_exact_match": 0.92, "eval_exact_match_sem": 0.012144751540478706, "eval_emb_cos_sim": 0.999128520488739, "eval_emb_cos_sim_sem": 0.00020153301541748708, "eval_runtime": 7936.1234, "eval_samples_per_second": 0.063, "eval_steps_per_second": 0.063, "_eval_args": {"alias": "gtr_nq__msl32_beta__correct", "num_samples": 500, "return_best_hypothesis": 1, "num_gen_recursive_steps": 20, "sequence_beam_width": 8, "beam_width": 1, "dataset": null}}