{"eval_loss": 1.7110923528671265, "eval_pred_num_tokens": 80.5078125, "eval_true_num_tokens": 80.859375, "eval_token_set_precision": 0.6122163927998161, "eval_token_set_recall": 0.6829079438531107, "eval_token_set_f1": 0.6423123703576314, "eval_bleu_score": 25.972425613049904, "eval_meteor_score": 0.5173266363395382, "eval_rouge_score": 0.6283492068649758, "eval_exact_match": 0.008, "eval_emb_cos_sim": 0.9684416055679321, "eval_runtime": 4368.8265, "eval_samples_per_second": 0.114, "eval_steps_per_second": 0.007, "_eval_args": {"alias": "openai_msmarco__msl128__100epoch__correct", "num_samples": 500, "return_best_hypothesis": 0, "num_gen_recursive_steps": 50, "sequence_beam_width": 1, "beam_width": 1}}