{"eval_loss": 1.7110812664031982, "eval_pred_num_tokens": 81.5, "eval_true_num_tokens": 80.859375, "eval_token_set_precision": 0.6040658302488517, "eval_token_set_recall": 0.6772243793018909, "eval_token_set_f1": 0.6347257266123421, "eval_bleu_score": 24.86634682994105, "eval_meteor_score": 0.5074486202065054, "eval_rouge_score": 0.6217109248193349, "eval_exact_match": 0.008, "eval_emb_cos_sim": 0.9642736911773682, "eval_runtime": 1035.2261, "eval_samples_per_second": 0.483, "eval_steps_per_second": 0.031, "_eval_args": {"alias": "openai_msmarco__msl128__100epoch__correct", "num_samples": 500, "return_best_hypothesis": 0, "num_gen_recursive_steps": 10, "sequence_beam_width": 1, "beam_width": 1}}