{"eval_loss": 3.1696386337280273, "eval_accuracy": 0.41203125, "eval_pred_num_tokens": 126.0546875, "eval_true_num_tokens": 127.2578125, "eval_token_set_precision": 0.23069895345231697, "eval_token_set_recall": 0.4093832803674159, "eval_token_set_f1": 0.289724109182902, "eval_n_ngrams_match_1": 29.755, "eval_n_ngrams_match_2": 5.935, "eval_n_ngrams_match_3": 1.46, "eval_num_true_words": 94.965, "eval_num_pred_words": 86.605, "eval_bleu_score": 3.9912081478797923, "eval_rouge_score": 0.32350837685770545, "eval_exact_match": 0.0, "eval_emb_cos_sim": 0.7755611538887024, "eval_perplexity": 23.798882688831622, "eval_runtime": 236.4094, "eval_samples_per_second": 0.846, "eval_steps_per_second": 0.846, "_eval_args": {"alias": "gtr_msmarco__msl128__100epoch", "num_samples": 200, "return_best_hypothesis": 1, "num_gen_recursive_steps": 50, "sequence_beam_width": 8, "beam_width": 1, "dataset": "robust04"}}