{"eval_loss": 1.8955100774765015, "eval_accuracy": 0.6859217171717171, "eval_pred_num_tokens": 93.53535461425781, "eval_true_num_tokens": 91.28282928466797, "eval_token_set_precision": 0.45616462075155695, "eval_token_set_recall": 0.5948408746892972, "eval_token_set_f1": 0.5025939976466876, "eval_token_set_f1_std": 0.1419464151447792, "eval_n_ngrams_match_1": 31.434343434343436, "eval_n_ngrams_match_2": 12.666666666666666, "eval_n_ngrams_match_3": 6.313131313131313, "eval_num_true_words": 65.07070707070707, "eval_num_pred_words": 61.55555555555556, "eval_bleu_score": 15.444508067117578, "eval_bleu_score_std": 13.8850005404459, "eval_rouge_score": 0.4833417454234777, "eval_exact_match": 0.010101010101010102, "eval_exact_match_std": 0.09999489834961281, "eval_emb_cos_sim": 0.9467068910598755, "eval_emb_cos_sim_std": 0.036561474204063416, "eval_perplexity": 6.6559425853093765, "eval_runtime": 94.0242, "eval_samples_per_second": 1.053, "eval_steps_per_second": 1.053, "_eval_args": {"alias": "openai_msmarco__msl128__100epoch", "num_samples": 99, "return_best_hypothesis": 1, "num_gen_recursive_steps": 50, "sequence_beam_width": 8, "beam_width": 1, "dataset": "dbpedia-entity"}}