{"eval_loss": 1.9385669231414795, "eval_pred_num_tokens": 94.3359375, "eval_true_num_tokens": 94.3359375, "eval_token_set_precision": 0.6063908592734456, "eval_token_set_recall": 0.706247300858611, "eval_token_set_f1": 0.6426288279323467, "eval_n_ngrams_match_1": 41.43, "eval_n_ngrams_match_2": 21.335, "eval_n_ngrams_match_3": 12.98, "eval_num_true_words": 70.88, "eval_num_pred_words": 63.42, "eval_bleu_score": 25.439635465019094, "eval_meteor_score": 0.5130890930162991, "eval_rouge_score": 0.6372636322376604, "eval_exact_match": 0.04, "eval_emb_cos_sim": 0.9796674251556396, "eval_runtime": 32650.9775, "eval_samples_per_second": 0.006, "eval_steps_per_second": 0.006, "_eval_args": {"alias": "openai_msmarco__msl128__100epoch__correct", "num_samples": 200, "return_best_hypothesis": 1, "num_gen_recursive_steps": 50, "sequence_beam_width": 8, "beam_width": 1, "dataset": "hotpotqa"}}