{"eval_loss": 1.6944890022277832, "eval_pred_num_tokens": 80.9921875, "eval_true_num_tokens": 80.859375, "eval_token_set_precision": 0.6213415887745467, "eval_token_set_recall": 0.7048660614846475, "eval_token_set_f1": 0.6555150753107303, "eval_bleu_score": 27.125404684634205, "eval_meteor_score": 0.5309776445508878, "eval_rouge_score": 0.6428073884300817, "eval_exact_match": 0.008, "eval_emb_cos_sim": 0.9686893820762634, "eval_runtime": 28346.4611, "eval_samples_per_second": 0.018, "eval_steps_per_second": 0.009, "_eval_args": {"alias": "openai_msmarco__msl128__100epoch__correct", "num_samples": 500, "return_best_hypothesis": 0, "num_gen_recursive_steps": 50, "sequence_beam_width": 1, "beam_width": 8}}