{"eval_loss": 2.6402244567871094, "eval_accuracy": 0.5137310606060606, "eval_pred_num_tokens": 111.65656280517578, "eval_true_num_tokens": 113.48484802246094, "eval_token_set_precision": 0.3787899736791192, "eval_token_set_recall": 0.5370578916488716, "eval_token_set_f1": 0.44065501366589543, "eval_token_set_f1_std": 0.07922226802820811, "eval_n_ngrams_match_1": 43.45454545454545, "eval_n_ngrams_match_2": 11.424242424242424, "eval_n_ngrams_match_3": 3.515151515151515, "eval_num_true_words": 97.87878787878788, "eval_num_pred_words": 94.56565656565657, "eval_bleu_score": 6.847266881278889, "eval_bleu_score_std": 3.571624240139828, "eval_rouge_score": 0.45617095256063, "eval_exact_match": 0.0, "eval_exact_match_std": 0.0, "eval_emb_cos_sim": 0.9369712471961975, "eval_emb_cos_sim_std": 0.019173409789800644, "eval_perplexity": 14.016349319417477, "eval_runtime": 114.4346, "eval_samples_per_second": 0.865, "eval_steps_per_second": 0.865, "_eval_args": {"alias": "openai_msmarco__msl128__100epoch", "num_samples": 99, "return_best_hypothesis": 1, "num_gen_recursive_steps": 50, "sequence_beam_width": 8, "beam_width": 1, "dataset": "arguana"}}