{"eval_loss": 2.769092559814453, "eval_pred_num_tokens": 106.0546875, "eval_true_num_tokens": 106.3125, "eval_token_set_precision": 0.4600011967548658, "eval_token_set_recall": 0.6145300354188189, "eval_token_set_f1": 0.5163985651831691, "eval_n_ngrams_match_1": 34.802, "eval_n_ngrams_match_2": 11.812, "eval_n_ngrams_match_3": 5.35, "eval_num_true_words": 77.284, "eval_num_pred_words": 73.0, "eval_bleu_score": 11.124484748867816, "eval_meteor_score": 0.36671195010373925, "eval_rouge_score": 0.508327358382568, "eval_exact_match": 0.014, "eval_emb_cos_sim": 0.937479555606842, "eval_runtime": 121528.8731, "eval_samples_per_second": 0.004, "eval_steps_per_second": 0.002, "_eval_args": {"alias": "openai_msmarco__msl128__100epoch__correct", "num_samples": 500, "return_best_hypothesis": 1, "num_gen_recursive_steps": 50, "sequence_beam_width": 8, "beam_width": 1, "dataset": "cqadupstack"}}