{"eval_loss": 2.40413761138916, "eval_accuracy": 0.7116796875, "eval_pred_num_tokens": 78.1484375, "eval_true_num_tokens": 73.3671875, "eval_token_set_precision": 0.4539356444901908, "eval_token_set_recall": 0.5174002586759194, "eval_token_set_f1": 0.47432441915193413, "eval_n_ngrams_match_1": 23.47, "eval_n_ngrams_match_2": 8.14, "eval_n_ngrams_match_3": 3.18, "eval_num_true_words": 50.995, "eval_num_pred_words": 56.945, "eval_bleu_score": 9.467760166457065, "eval_rouge_score": 0.4714869049943204, "eval_exact_match": 0.0, "eval_emb_cos_sim": 0.8569425940513611, "eval_perplexity": 11.068880488493601, "eval_runtime": 160.705, "eval_samples_per_second": 1.245, "eval_steps_per_second": 1.245, "_eval_args": {"alias": "gtr_msmarco__msl128__100epoch", "num_samples": 200, "return_best_hypothesis": 1, "num_gen_recursive_steps": 50, "sequence_beam_width": 8, "beam_width": 1, "dataset": "fever"}}