{"eval_loss": 1.9206204414367676, "eval_accuracy": 0.6737689393939394, "eval_pred_num_tokens": 96.13130950927734, "eval_true_num_tokens": 94.82828521728516, "eval_token_set_precision": 0.4408796372283346, "eval_token_set_recall": 0.6349851369893261, "eval_token_set_f1": 0.5005091662743376, "eval_token_set_f1_std": 0.17046619144149452, "eval_n_ngrams_match_1": 33.24242424242424, "eval_n_ngrams_match_2": 13.535353535353535, "eval_n_ngrams_match_3": 6.6767676767676765, "eval_num_true_words": 71.77777777777777, "eval_num_pred_words": 63.26262626262626, "eval_bleu_score": 15.356020419997988, "eval_bleu_score_std": 14.915174659221965, "eval_rouge_score": 0.48106122078938557, "eval_exact_match": 0.010101010101010102, "eval_exact_match_std": 0.0999948983496128, "eval_emb_cos_sim": 0.947625458240509, "eval_emb_cos_sim_std": 0.03489485755562782, "eval_perplexity": 6.8251917876908434, "eval_runtime": 104.1292, "eval_samples_per_second": 0.951, "eval_steps_per_second": 0.951, "_eval_args": {"alias": "openai_msmarco__msl128__100epoch", "num_samples": 99, "return_best_hypothesis": 1, "num_gen_recursive_steps": 50, "sequence_beam_width": 8, "beam_width": 1, "dataset": "hotpotqa"}}