{"eval_loss": 2.735496759414673, "eval_accuracy": 0.4645703125, "eval_pred_num_tokens": 124.296875, "eval_true_num_tokens": 125.234375, "eval_token_set_precision": 0.2633118764349597, "eval_token_set_recall": 0.43928242400908973, "eval_token_set_f1": 0.3238194240588085, "eval_n_ngrams_match_1": 29.62, "eval_n_ngrams_match_2": 5.95, "eval_n_ngrams_match_3": 1.72, "eval_num_true_words": 88.615, "eval_num_pred_words": 82.55, "eval_bleu_score": 4.332794512120936, "eval_rouge_score": 0.32620841279536955, "eval_exact_match": 0.0, "eval_emb_cos_sim": 0.7856841087341309, "eval_perplexity": 15.417400272704233, "eval_runtime": 307.7682, "eval_samples_per_second": 0.65, "eval_steps_per_second": 0.65, "_eval_args": {"alias": "gtr_msmarco__msl128__100epoch", "num_samples": 200, "return_best_hypothesis": 1, "num_gen_recursive_steps": 50, "sequence_beam_width": 8, "beam_width": 1, "dataset": "trec-covid"}}