{"eval_loss": 3.0926930904388428, "eval_accuracy": 0.41390625, "eval_pred_num_tokens": 123.8515625, "eval_true_num_tokens": 124.5390625, "eval_token_set_precision": 0.25285726364312333, "eval_token_set_recall": 0.46246644490663924, "eval_token_set_f1": 0.3222891726831427, "eval_n_ngrams_match_1": 33.65, "eval_n_ngrams_match_2": 7.15, "eval_n_ngrams_match_3": 1.845, "eval_num_true_words": 100.24, "eval_num_pred_words": 93.575, "eval_bleu_score": 4.066368677090061, "eval_rouge_score": 0.3332141494457105, "eval_exact_match": 0.0, "eval_emb_cos_sim": 0.7972898483276367, "eval_perplexity": 22.0363440028991, "eval_runtime": 337.8159, "eval_samples_per_second": 0.592, "eval_steps_per_second": 0.592, "_eval_args": {"alias": "gtr_msmarco__msl128__100epoch", "num_samples": 200, "return_best_hypothesis": 1, "num_gen_recursive_steps": 50, "sequence_beam_width": 8, "beam_width": 1, "dataset": "scidocs"}}