{"eval_loss": 2.7097771167755127, "eval_accuracy": 0.463984375, "eval_pred_num_tokens": 126.3203125, "eval_true_num_tokens": 127.3984375, "eval_token_set_precision": 0.26166018582047473, "eval_token_set_recall": 0.445406498006882, "eval_token_set_f1": 0.3249772230347406, "eval_n_ngrams_match_1": 28.87, "eval_n_ngrams_match_2": 6.245, "eval_n_ngrams_match_3": 1.845, "eval_num_true_words": 89.17, "eval_num_pred_words": 82.045, "eval_bleu_score": 4.413627455482682, "eval_rouge_score": 0.31876144817890123, "eval_exact_match": 0.0, "eval_emb_cos_sim": 0.7673143744468689, "eval_perplexity": 15.025926114763353, "eval_runtime": 247.5397, "eval_samples_per_second": 0.808, "eval_steps_per_second": 0.808, "_eval_args": {"alias": "gtr_msmarco__msl128__100epoch", "num_samples": 200, "return_best_hypothesis": 1, "num_gen_recursive_steps": 50, "sequence_beam_width": 8, "beam_width": 1, "dataset": "bioasq"}}