{"eval_loss": 0.6404249668121338, "eval_pred_num_tokens": 31.0, "eval_true_num_tokens": 32.0, "eval_token_set_precision": 0.9842296359008645, "eval_token_set_recall": 0.9859063972593354, "eval_token_set_f1": 0.9850061764172424, "eval_bleu_score": 93.43522125973679, "eval_meteor_score": 0.9783035802370791, "eval_rouge_score": 0.983297467612501, "eval_exact_match": 0.814, "eval_emb_cos_sim": 0.9976140260696411, "eval_runtime": 8106.661, "eval_samples_per_second": 0.062, "eval_steps_per_second": 0.031, "_eval_args": {"alias": "gtr_nq__msl32_beta__correct", "num_samples": 500, "return_best_hypothesis": 1, "num_gen_recursive_steps": 50, "sequence_beam_width": 1, "beam_width": 8}}