{"eval_loss": 0.6404249668121338, "eval_pred_num_tokens": 31.0, "eval_true_num_tokens": 32.0, "eval_token_set_precision": 0.9533693800758527, "eval_token_set_recall": 0.957758394490769, "eval_token_set_f1": 0.9553887498870274, "eval_bleu_score": 83.53784294491382, "eval_meteor_score": 0.9381589202889197, "eval_rouge_score": 0.9492850876445809, "eval_exact_match": 0.508, "eval_emb_cos_sim": 0.9899865984916687, "eval_runtime": 1156.6544, "eval_samples_per_second": 0.432, "eval_steps_per_second": 0.216, "_eval_args": {"alias": "gtr_nq__msl32_beta__correct", "num_samples": 500, "return_best_hypothesis": 0, "num_gen_recursive_steps": 10, "sequence_beam_width": 1, "beam_width": 8}}