{"eval_loss": 2.30241060256958, "eval_pred_num_tokens": 93.890625, "eval_true_num_tokens": 95.5234375, "eval_token_set_precision": 0.5787446943342295, "eval_token_set_recall": 0.6492035027879827, "eval_token_set_f1": 0.6056014246653164, "eval_n_ngrams_match_1": 42.225, "eval_n_ngrams_match_2": 18.6, "eval_n_ngrams_match_3": 10.135, "eval_num_true_words": 75.325, "eval_num_pred_words": 72.3, "eval_bleu_score": 20.27244026874415, "eval_meteor_score": 0.49403487776100447, "eval_rouge_score": 0.6111120354919817, "eval_exact_match": 0.04, "eval_emb_cos_sim": 0.9729233384132385, "eval_runtime": 40551.3565, "eval_samples_per_second": 0.005, "eval_steps_per_second": 0.005, "_eval_args": {"alias": "openai_msmarco__msl128__100epoch__correct", "num_samples": 200, "return_best_hypothesis": 1, "num_gen_recursive_steps": 50, "sequence_beam_width": 8, "beam_width": 1, "dataset": "nq"}}