{"eval_loss": 2.4110629558563232, "eval_pred_num_tokens": 27.2109375, "eval_true_num_tokens": 24.5078125, "eval_token_set_precision": 0.7500605623341262, "eval_token_set_recall": 0.7291447885447212, "eval_token_set_f1": 0.7333912549546708, "eval_n_ngrams_match_1": 11.274, "eval_n_ngrams_match_2": 6.91, "eval_n_ngrams_match_3": 4.976, "eval_num_true_words": 16.204, "eval_num_pred_words": 17.232, "eval_bleu_score": 38.580297282307164, "eval_meteor_score": 0.7097540219465793, "eval_rouge_score": 0.7356256465229855, "eval_exact_match": 0.232, "eval_emb_cos_sim": 0.9726548194885254, "eval_runtime": 63949.5265, "eval_samples_per_second": 0.008, "eval_steps_per_second": 0.004, "_eval_args": {"alias": "openai_msmarco__msl128__100epoch__correct", "num_samples": 500, "return_best_hypothesis": 1, "num_gen_recursive_steps": 50, "sequence_beam_width": 8, "beam_width": 1, "dataset": "signal1m"}}