{"eval_loss": 2.4781723022460938, "eval_pred_num_tokens": 125.7421875, "eval_true_num_tokens": 127.3984375, "eval_token_set_precision": 0.4112730200414722, "eval_token_set_recall": 0.5511653869049427, "eval_token_set_f1": 0.4684276211895424, "eval_n_ngrams_match_1": 40.972, "eval_n_ngrams_match_2": 13.73, "eval_n_ngrams_match_3": 6.226, "eval_num_true_words": 89.326, "eval_num_pred_words": 78.806, "eval_bleu_score": 12.05634895634005, "eval_meteor_score": 0.3333146460611939, "eval_rouge_score": 0.4789911431795849, "eval_exact_match": 0.0, "eval_emb_cos_sim": 0.9588181972503662, "eval_runtime": 69384.3476, "eval_samples_per_second": 0.007, "eval_steps_per_second": 0.004, "_eval_args": {"alias": "openai_msmarco__msl128__100epoch__correct", "num_samples": 500, "return_best_hypothesis": 1, "num_gen_recursive_steps": 50, "sequence_beam_width": 8, "beam_width": 1, "dataset": "bioasq"}}