{"eval_loss": 0.6403788924217224, "eval_pred_num_tokens": 31.0, "eval_true_num_tokens": 32.0, "eval_token_set_precision": 0.9545201546756145, "eval_token_set_recall": 0.9594625165998731, "eval_token_set_f1": 0.9567645130605348, "eval_token_set_f1_sem": 0.0036805627714476576, "eval_n_ngrams_match_1": 23.218, "eval_n_ngrams_match_2": 20.454, "eval_n_ngrams_match_3": 18.386, "eval_num_true_words": 24.368, "eval_num_pred_words": 24.324, "eval_bleu_score": 84.6636795869339, "eval_bleu_score_sem": 0.969776871418887, "eval_rouge_score": 0.9576012798457632, "eval_exact_match": 0.534, "eval_exact_match_sem": 0.022331264423258324, "eval_emb_cos_sim": 0.9909378886222839, "eval_emb_cos_sim_sem": 0.0008032265568526119, "eval_runtime": 3823.0645, "eval_samples_per_second": 0.131, "eval_steps_per_second": 0.131, "_eval_args": {"alias": "gtr_nq__msl32_beta__correct", "num_samples": 500, "return_best_hypothesis": 0, "num_gen_recursive_steps": 20, "sequence_beam_width": 1, "beam_width": 8, "dataset": null}}