{"eval_loss": 2.588955879211426, "eval_accuracy": 0.47072285353535354, "eval_pred_num_tokens": 126.46464538574219, "eval_true_num_tokens": 127.59596252441406, "eval_token_set_precision": 0.29514807277374105, "eval_token_set_recall": 0.46590514649382153, "eval_token_set_f1": 0.3571414591970986, "eval_token_set_f1_sem": 0.007100760921729513, "eval_n_ngrams_match_1": 32.5959595959596, "eval_n_ngrams_match_2": 7.707070707070707, "eval_n_ngrams_match_3": 2.505050505050505, "eval_num_true_words": 91.17171717171718, "eval_num_pred_words": 81.86868686868686, "eval_bleu_score": 5.2671975609810255, "eval_bleu_score_sem": 0.33981920834526524, "eval_rouge_score": 0.35470518707624255, "eval_exact_match": 0.0, "eval_exact_match_sem": 0.0, "eval_emb_cos_sim": 0.914578914642334, "eval_emb_cos_sim_sem": 0.0026005220840334886, "eval_perplexity": 13.315860975009734, "eval_runtime": 195.1617, "eval_samples_per_second": 0.507, "eval_steps_per_second": 0.507, "_eval_args": {"alias": "openai_msmarco__msl128__100epoch", "num_samples": 99, "return_best_hypothesis": 1, "num_gen_recursive_steps": 50, "sequence_beam_width": 8, "beam_width": 1, "dataset": "bioasq"}}