{"eval_loss": 0.6404249668121338, "eval_pred_num_tokens": 31.0, "eval_true_num_tokens": 32.0, "eval_token_set_precision": 0.992052967332947, "eval_token_set_recall": 0.9926307544245274, "eval_token_set_f1": 0.9923146785501744, "eval_bleu_score": 97.03902424505215, "eval_meteor_score": 0.9893802644682818, "eval_rouge_score": 0.991468245680294, "eval_exact_match": 0.912, "eval_emb_cos_sim": 0.9991675019264221, "eval_runtime": 2101.3302, "eval_samples_per_second": 0.238, "eval_steps_per_second": 0.119, "_eval_args": {"alias": "gtr_nq__msl32_beta__correct", "num_samples": 500, "return_best_hypothesis": 1, "num_gen_recursive_steps": 10, "sequence_beam_width": 8, "beam_width": 1}}