{"eval_loss": 2.850301742553711, "eval_accuracy": 0.442550505050505, "eval_pred_num_tokens": 125.73737335205078, "eval_true_num_tokens": 127.33333587646484, "eval_token_set_precision": 0.286622296201652, "eval_token_set_recall": 0.4545238527381248, "eval_token_set_f1": 0.34385473666493094, "eval_token_set_f1_sem": 0.008569782893457403, "eval_n_ngrams_match_1": 34.41414141414141, "eval_n_ngrams_match_2": 7.646464646464646, "eval_n_ngrams_match_3": 1.9494949494949494, "eval_num_true_words": 93.86868686868686, "eval_num_pred_words": 88.43434343434343, "eval_bleu_score": 4.87621996595729, "eval_bleu_score_sem": 0.36901317143912504, "eval_rouge_score": 0.36415346001075066, "eval_exact_match": 0.0, "eval_exact_match_sem": 0.0, "eval_emb_cos_sim": 0.9148473739624023, "eval_emb_cos_sim_sem": 0.0033821278093058528, "eval_perplexity": 17.292999087101272, "eval_runtime": 195.332, "eval_samples_per_second": 0.507, "eval_steps_per_second": 0.507, "_eval_args": {"alias": "openai_msmarco__msl128__100epoch", "num_samples": 99, "return_best_hypothesis": 1, "num_gen_recursive_steps": 50, "sequence_beam_width": 8, "beam_width": 1, "dataset": "robust04"}}