{"eval_loss": 1.1862894296646118, "eval_pred_num_tokens": 24.727272033691406, "eval_true_num_tokens": 23.727272033691406, "eval_token_set_precision": 0.9208511165537476, "eval_token_set_recall": 0.9320431807215277, "eval_token_set_f1": 0.9251594235651582, "eval_token_set_f1_sem": 0.013254606038177708, "eval_n_ngrams_match_1": 13.94949494949495, "eval_n_ngrams_match_2": 11.484848484848484, "eval_n_ngrams_match_3": 9.787878787878787, "eval_num_true_words": 15.727272727272727, "eval_num_pred_words": 15.585858585858587, "eval_bleu_score": 80.70725867000877, "eval_bleu_score_sem": 2.8208697873224096, "eval_rouge_score": 0.9255246882222292, "eval_exact_match": 0.5858585858585859, "eval_exact_match_sem": 0.049757401586050985, "eval_emb_cos_sim": 0.9913063645362854, "eval_emb_cos_sim_sem": 0.0020523650908447102, "eval_runtime": 7370.604, "eval_samples_per_second": 0.013, "eval_steps_per_second": 0.013, "_eval_args": {"alias": "openai_msmarco__msl128__200epoch__correct", "num_samples": 99, "return_best_hypothesis": 1, "num_gen_recursive_steps": 50, "sequence_beam_width": 8, "beam_width": 1, "dataset": "signal1m"}}