{"eval_loss": 1.809593915939331, "eval_pred_num_tokens": 92.5625, "eval_true_num_tokens": 93.1328125, "eval_token_set_precision": 0.6127626328864977, "eval_token_set_recall": 0.710945464322995, "eval_token_set_f1": 0.6503213682865369, "eval_n_ngrams_match_1": 38.065, "eval_n_ngrams_match_2": 20.19, "eval_n_ngrams_match_3": 12.985, "eval_num_true_words": 63.615, "eval_num_pred_words": 57.015, "eval_bleu_score": 28.343999563443944, "eval_meteor_score": 0.5256489247833404, "eval_rouge_score": 0.6390719994323526, "eval_exact_match": 0.04, "eval_emb_cos_sim": 0.9790615439414978, "eval_runtime": 33192.2445, "eval_samples_per_second": 0.006, "eval_steps_per_second": 0.006, "_eval_args": {"alias": "openai_msmarco__msl128__100epoch__correct", "num_samples": 200, "return_best_hypothesis": 1, "num_gen_recursive_steps": 50, "sequence_beam_width": 8, "beam_width": 1, "dataset": "dbpedia-entity"}}