{"eval_loss": 0.6404249668121338, "eval_pred_num_tokens": 31.0, "eval_true_num_tokens": 32.0, "eval_token_set_precision": 0.9630802442459574, "eval_token_set_recall": 0.9679492523693464, "eval_token_set_f1": 0.9653345900381186, "eval_bleu_score": 85.76487663002307, "eval_meteor_score": 0.9498339466616447, "eval_rouge_score": 0.9590128299140908, "eval_exact_match": 0.534, "eval_emb_cos_sim": 0.9913610816001892, "eval_runtime": 6018.2157, "eval_samples_per_second": 0.083, "eval_steps_per_second": 0.042, "_eval_args": {"alias": "gtr_nq__msl32_beta__correct", "num_samples": 500, "return_best_hypothesis": 0, "num_gen_recursive_steps": 50, "sequence_beam_width": 1, "beam_width": 8}}