{"eval_loss": 0.640424907207489, "eval_pred_num_tokens": 31.0, "eval_true_num_tokens": 32.0, "eval_token_set_precision": 0.9391952200405421, "eval_token_set_recall": 0.945836575157309, "eval_token_set_f1": 0.9422769245335009, "eval_bleu_score": 80.37247640138087, "eval_meteor_score": 0.919825422067612, "eval_rouge_score": 0.933674529306423, "eval_exact_match": 0.488, "eval_emb_cos_sim": 0.9877819418907166, "eval_runtime": 145.6494, "eval_samples_per_second": 3.433, "eval_steps_per_second": 0.22, "_eval_args": {"alias": "gtr_nq__msl32_beta__correct", "num_samples": 500, "return_best_hypothesis": 0, "num_gen_recursive_steps": 10, "sequence_beam_width": 1, "beam_width": 1}}