{"eval_loss": 2.370530366897583, "eval_accuracy": 0.6211332070707071, "eval_pred_num_tokens": 97.6868667602539, "eval_true_num_tokens": 94.71717071533203, "eval_token_set_precision": 0.41796334627728754, "eval_token_set_recall": 0.5615654398293733, "eval_token_set_f1": 0.470785434958674, "eval_token_set_f1_std": 0.13242872845405793, "eval_n_ngrams_match_1": 35.101010101010104, "eval_n_ngrams_match_2": 11.676767676767676, "eval_n_ngrams_match_3": 4.636363636363637, "eval_num_true_words": 78.32323232323232, "eval_num_pred_words": 78.32323232323232, "eval_bleu_score": 10.954835452693393, "eval_bleu_score_std": 8.828523413928902, "eval_rouge_score": 0.44963397957177254, "eval_exact_match": 0.0, "eval_exact_match_std": 0.0, "eval_emb_cos_sim": 0.9295381307601929, "eval_emb_cos_sim_std": 0.03195721283555031, "eval_perplexity": 10.70306733166466, "eval_runtime": 153.03, "eval_samples_per_second": 0.647, "eval_steps_per_second": 0.647, "_eval_args": {"alias": "openai_msmarco__msl128__100epoch", "num_samples": 99, "return_best_hypothesis": 1, "num_gen_recursive_steps": 50, "sequence_beam_width": 8, "beam_width": 1, "dataset": "nq"}}