{"eval_loss": 0.6404249668121338, "eval_pred_num_tokens": 31.0, "eval_true_num_tokens": 32.0, "eval_token_set_precision": 0.9930059266152502, "eval_token_set_recall": 0.9931544570164943, "eval_token_set_f1": 0.9930622677639046, "eval_bleu_score": 97.33725701266881, "eval_meteor_score": 0.9907024081388695, "eval_rouge_score": 0.9926958172868131, "eval_exact_match": 0.92, "eval_emb_cos_sim": 0.9991493225097656, "eval_runtime": 10531.3364, "eval_samples_per_second": 0.047, "eval_steps_per_second": 0.024, "_eval_args": {"alias": "gtr_nq__msl32_beta__correct", "num_samples": 500, "return_best_hypothesis": 1, "num_gen_recursive_steps": 50, "sequence_beam_width": 8, "beam_width": 1}}