{"eval_loss": 0.6403788924217224, "eval_pred_num_tokens": 31.0, "eval_true_num_tokens": 32.0, "eval_token_set_precision": 0.9678375402022991, "eval_token_set_recall": 0.9719018678966396, "eval_token_set_f1": 0.969669448527043, "eval_token_set_f1_sem": 0.0038507625422002627, "eval_n_ngrams_match_1": 23.6, "eval_n_ngrams_match_2": 21.64, "eval_n_ngrams_match_3": 20.112, "eval_num_true_words": 24.368, "eval_num_pred_words": 24.332, "eval_bleu_score": 91.11004964854646, "eval_bleu_score_sem": 0.9150517102741081, "eval_rouge_score": 0.9714310013792882, "eval_exact_match": 0.772, "eval_exact_match_sem": 0.018781306529363172, "eval_emb_cos_sim": 0.9951704740524292, "eval_emb_cos_sim_sem": 0.0006851685573921644, "eval_runtime": 8840.7046, "eval_samples_per_second": 0.057, "eval_steps_per_second": 0.057, "_eval_args": {"alias": "gtr_nq__msl32_beta__correct", "num_samples": 500, "return_best_hypothesis": 0, "num_gen_recursive_steps": 20, "sequence_beam_width": 8, "beam_width": 1, "dataset": null}}