{"eval_loss": 2.8356025218963623, "eval_accuracy": 0.43607954545454547, "eval_pred_num_tokens": 124.6868667602539, "eval_true_num_tokens": 125.3131332397461, "eval_token_set_precision": 0.3178467574112161, "eval_token_set_recall": 0.5026854381385298, "eval_token_set_f1": 0.3852653774678672, "eval_token_set_f1_sem": 0.0071944130152714475, "eval_n_ngrams_match_1": 40.313131313131315, "eval_n_ngrams_match_2": 10.030303030303031, "eval_n_ngrams_match_3": 3.101010101010101, "eval_num_true_words": 101.26262626262626, "eval_num_pred_words": 93.3030303030303, "eval_bleu_score": 5.941521498089853, "eval_bleu_score_sem": 0.3894849567650148, "eval_rouge_score": 0.39839701944493955, "eval_exact_match": 0.0, "eval_exact_match_sem": 0.0, "eval_emb_cos_sim": 0.9264757633209229, "eval_emb_cos_sim_sem": 0.002404702815884696, "eval_perplexity": 17.0406645813975, "eval_runtime": 126.576, "eval_samples_per_second": 0.782, "eval_steps_per_second": 0.782, "_eval_args": {"alias": "openai_msmarco__msl128__100epoch", "num_samples": 99, "return_best_hypothesis": 1, "num_gen_recursive_steps": 50, "sequence_beam_width": 8, "beam_width": 1, "dataset": "scidocs"}}