{"eval_loss": 2.9378206729888916, "eval_accuracy": 0.42353219696969696, "eval_pred_num_tokens": 126.20201873779297, "eval_true_num_tokens": 128.0, "eval_token_set_precision": 0.2877321576404278, "eval_token_set_recall": 0.45257521491131175, "eval_token_set_f1": 0.3479974759788379, "eval_token_set_f1_sem": 0.006391415631350389, "eval_n_ngrams_match_1": 38.94949494949495, "eval_n_ngrams_match_2": 8.83838383838384, "eval_n_ngrams_match_3": 2.090909090909091, "eval_num_true_words": 104.12121212121212, "eval_num_pred_words": 95.27272727272727, "eval_bleu_score": 4.899779931147402, "eval_bleu_score_sem": 0.3160588539933466, "eval_rouge_score": 0.3887273998235801, "eval_exact_match": 0.0, "eval_exact_match_sem": 0.0, "eval_emb_cos_sim": 0.9171086549758911, "eval_emb_cos_sim_sem": 0.002843619627016722, "eval_perplexity": 18.87466738492124, "eval_runtime": 122.4711, "eval_samples_per_second": 0.808, "eval_steps_per_second": 0.808, "_eval_args": {"alias": "openai_msmarco__msl128__100epoch", "num_samples": 99, "return_best_hypothesis": 1, "num_gen_recursive_steps": 50, "sequence_beam_width": 8, "beam_width": 1, "dataset": "trec-news"}}