{"eval_loss": 2.7504467964172363, "eval_accuracy": 0.8035714285714286, "eval_pred_num_tokens": 29.9609375, "eval_true_num_tokens": 24.5078125, "eval_token_set_precision": 0.4079510048033906, "eval_token_set_recall": 0.3784051713589615, "eval_token_set_f1": 0.38731469028316645, "eval_n_ngrams_match_1": 6.405, "eval_n_ngrams_match_2": 1.785, "eval_n_ngrams_match_3": 0.655, "eval_num_true_words": 16.535, "eval_num_pred_words": 18.98, "eval_bleu_score": 6.510485340406701, "eval_rouge_score": 0.3988097500409006, "eval_exact_match": 0.0, "eval_emb_cos_sim": 0.7778525352478027, "eval_perplexity": 15.649622517648872, "eval_runtime": 85.9629, "eval_samples_per_second": 2.327, "eval_steps_per_second": 2.327, "_eval_args": {"alias": "gtr_msmarco__msl128__100epoch", "num_samples": 200, "return_best_hypothesis": 1, "num_gen_recursive_steps": 50, "sequence_beam_width": 8, "beam_width": 1, "dataset": "signal1m"}}