{"eval_loss": 2.163357973098755, "eval_pred_num_tokens": 104.85858917236328, "eval_true_num_tokens": 103.75757598876953, "eval_token_set_precision": 0.5958388899233765, "eval_token_set_recall": 0.7179388132866998, "eval_token_set_f1": 0.6359919017104331, "eval_token_set_f1_sem": 0.018118899176364063, "eval_n_ngrams_match_1": 50.08080808080808, "eval_n_ngrams_match_2": 21.8989898989899, "eval_n_ngrams_match_3": 11.777777777777779, "eval_num_true_words": 86.76767676767676, "eval_num_pred_words": 80.06060606060606, "eval_bleu_score": 21.537943748244942, "eval_bleu_score_sem": 1.8016873526613608, "eval_rouge_score": 0.6296942758906795, "eval_exact_match": 0.010101010101010102, "eval_exact_match_sem": 0.010101010101010104, "eval_emb_cos_sim": 0.9714996814727783, "eval_emb_cos_sim_sem": 0.0032244000218025043, "eval_runtime": 13154.4199, "eval_samples_per_second": 0.008, "eval_steps_per_second": 0.008, "_eval_args": {"alias": "openai_msmarco__msl128__200epoch__correct", "num_samples": 99, "return_best_hypothesis": 1, "num_gen_recursive_steps": 50, "sequence_beam_width": 8, "beam_width": 1, "dataset": "fiqa"}}