{"eval_loss": 1.9515212774276733, "eval_pred_num_tokens": 80.0, "eval_true_num_tokens": 80.859375, "eval_token_set_precision": 0.5825737460875373, "eval_token_set_recall": 0.6301349251638161, "eval_token_set_f1": 0.6013215567924165, "eval_bleu_score": 20.51832320665949, "eval_meteor_score": 0.4727653912341733, "eval_rouge_score": 0.5966501886731741, "eval_exact_match": 0.012, "eval_emb_cos_sim": 0.9636543989181519, "eval_runtime": 11411.0901, "eval_samples_per_second": 0.044, "eval_steps_per_second": 0.022, "_eval_args": {"alias": "openai_msmarco__msl128__100epoch__correct_cheat", "num_samples": 500, "return_best_hypothesis": 0, "num_gen_recursive_steps": 10, "sequence_beam_width": 8, "beam_width": 1}}