{"eval_loss": 2.1853318214416504, "eval_pred_num_tokens": 110.080810546875, "eval_true_num_tokens": 113.48484802246094, "eval_token_set_precision": 0.6198986645351156, "eval_token_set_recall": 0.7163808612207527, "eval_token_set_f1": 0.6628618574716875, "eval_token_set_f1_sem": 0.011084545030355657, "eval_n_ngrams_match_1": 61.535353535353536, "eval_n_ngrams_match_2": 27.464646464646464, "eval_n_ngrams_match_3": 14.555555555555555, "eval_num_true_words": 97.87878787878788, "eval_num_pred_words": 92.88888888888889, "eval_bleu_score": 23.433687628917955, "eval_bleu_score_sem": 1.4128011269461511, "eval_rouge_score": 0.6765437035765868, "eval_exact_match": 0.010101010101010102, "eval_exact_match_sem": 0.010101010101010104, "eval_emb_cos_sim": 0.986133873462677, "eval_emb_cos_sim_sem": 0.0006857403466600019, "eval_runtime": 15350.8962, "eval_samples_per_second": 0.006, "eval_steps_per_second": 0.006, "_eval_args": {"alias": "openai_msmarco__msl128__200epoch__correct", "num_samples": 99, "return_best_hypothesis": 1, "num_gen_recursive_steps": 50, "sequence_beam_width": 8, "beam_width": 1, "dataset": "arguana"}}