{"eval_loss": 1.681281328201294, "eval_accuracy": 0.775094696969697, "eval_pred_num_tokens": 77.48484802246094, "eval_true_num_tokens": 72.18181610107422, "eval_token_set_precision": 0.5084638703458555, "eval_token_set_recall": 0.5872471105834307, "eval_token_set_f1": 0.5413627449004819, "eval_token_set_f1_std": 0.11923877387835377, "eval_n_ngrams_match_1": 30.03030303030303, "eval_n_ngrams_match_2": 12.02020202020202, "eval_n_ngrams_match_3": 5.656565656565657, "eval_num_true_words": 55.525252525252526, "eval_num_pred_words": 58.101010101010104, "eval_bleu_score": 15.452555319021586, "eval_bleu_score_std": 10.205471753414239, "eval_rouge_score": 0.536977865224541, "eval_exact_match": 0.0, "eval_exact_match_std": 0.0, "eval_emb_cos_sim": 0.9491562247276306, "eval_emb_cos_sim_std": 0.026350123807787895, "eval_perplexity": 5.372435415775392, "eval_runtime": 79.9707, "eval_samples_per_second": 1.238, "eval_steps_per_second": 1.238, "_eval_args": {"alias": "openai_msmarco__msl128__100epoch", "num_samples": 99, "return_best_hypothesis": 1, "num_gen_recursive_steps": 50, "sequence_beam_width": 8, "beam_width": 1, "dataset": "msmarco"}}