{"eval_loss": 1.9515564441680908, "eval_pred_num_tokens": 80.3046875, "eval_true_num_tokens": 80.859375, "eval_token_set_precision": 0.5840887811290744, "eval_token_set_recall": 0.6292242909602429, "eval_token_set_f1": 0.6016147543968038, "eval_bleu_score": 20.450971683058615, "eval_meteor_score": 0.4730768575323433, "eval_rouge_score": 0.5967815025948273, "eval_exact_match": 0.014, "eval_emb_cos_sim": 0.963577389717102, "eval_runtime": 58647.768, "eval_samples_per_second": 0.009, "eval_steps_per_second": 0.004, "_eval_args": {"alias": "openai_msmarco__msl128__100epoch__correct_cheat", "num_samples": 500, "return_best_hypothesis": 0, "num_gen_recursive_steps": 50, "sequence_beam_width": 8, "beam_width": 1}}