{"eval_loss": 0.6404205560684204, "eval_pred_num_tokens": 31.0, "eval_true_num_tokens": 32.0, "eval_token_set_precision": 0.941978893353469, "eval_token_set_recall": 0.9469996525279658, "eval_token_set_f1": 0.9442156570689848, "eval_token_set_f1_sem": 0.0043489901034908535, "eval_n_ngrams_match_1": 22.912, "eval_n_ngrams_match_2": 19.728, "eval_n_ngrams_match_3": 17.564, "eval_num_true_words": 24.368, "eval_num_pred_words": 24.354, "eval_bleu_score": 81.29968405267402, "eval_bleu_score_sem": 1.1250977800376496, "eval_rouge_score": 0.9472985614846605, "eval_exact_match": 0.518, "eval_exact_match_sem": 0.022368565117387874, "eval_emb_cos_sim": 0.9879239797592163, "eval_emb_cos_sim_sem": 0.001076235053251595, "eval_runtime": 668.9729, "eval_samples_per_second": 0.747, "eval_steps_per_second": 0.094, "_eval_args": {"alias": "gtr_nq__msl32_beta__correct", "num_samples": 500, "return_best_hypothesis": 0, "num_gen_recursive_steps": 20, "sequence_beam_width": 1, "beam_width": 1, "dataset": null}}