{"eval_loss": 1.694266676902771, "eval_pred_num_tokens": 81.2890625, "eval_true_num_tokens": 80.859375, "eval_token_set_precision": 0.6154216796367776, "eval_token_set_recall": 0.7065804587864487, "eval_token_set_f1": 0.6516676141667254, "eval_bleu_score": 26.707120407025254, "eval_meteor_score": 0.5221936594159006, "eval_rouge_score": 0.631715347596308, "eval_exact_match": 0.018, "eval_emb_cos_sim": 0.9659321308135986, "eval_runtime": 13062.0353, "eval_samples_per_second": 0.038, "eval_steps_per_second": 0.019, "_eval_args": {"alias": "openai_msmarco__msl128__100epoch__correct", "num_samples": 500, "return_best_hypothesis": 0, "num_gen_recursive_steps": 10, "sequence_beam_width": 8, "beam_width": 1}}