{"eval_loss": 0.6404249668121338, "eval_pred_num_tokens": 31.0, "eval_true_num_tokens": 32.0, "eval_token_set_precision": 0.9731804111465394, "eval_token_set_recall": 0.9764232879486353, "eval_token_set_f1": 0.9746913937657757, "eval_bleu_score": 91.8381602160666, "eval_meteor_score": 0.9651365086884713, "eval_rouge_score": 0.9715545973385524, "eval_exact_match": 0.774, "eval_emb_cos_sim": 0.9958220720291138, "eval_runtime": 11575.7217, "eval_samples_per_second": 0.043, "eval_steps_per_second": 0.022, "_eval_args": {"alias": "gtr_nq__msl32_beta__correct", "num_samples": 500, "return_best_hypothesis": 0, "num_gen_recursive_steps": 50, "sequence_beam_width": 8, "beam_width": 1}}