{"eval_loss": 2.530956506729126, "eval_accuracy": 0.48200757575757575, "eval_pred_num_tokens": 125.75757598876953, "eval_true_num_tokens": 127.43434143066406, "eval_token_set_precision": 0.28882109260935135, "eval_token_set_recall": 0.47194696366232586, "eval_token_set_f1": 0.35199788793140857, "eval_token_set_f1_std": 0.08171907711262658, "eval_n_ngrams_match_1": 29.11111111111111, "eval_n_ngrams_match_2": 6.808080808080808, "eval_n_ngrams_match_3": 2.0606060606060606, "eval_num_true_words": 85.64646464646465, "eval_num_pred_words": 74.9090909090909, "eval_bleu_score": 4.900572040670013, "eval_bleu_score_std": 4.079824520208842, "eval_rouge_score": 0.335050043925201, "eval_exact_match": 0.0, "eval_exact_match_std": 0.0, "eval_emb_cos_sim": 0.90838223695755, "eval_emb_cos_sim_std": 0.031658437103033066, "eval_perplexity": 12.56551939422701, "eval_runtime": 118.7512, "eval_samples_per_second": 0.834, "eval_steps_per_second": 0.834, "_eval_args": {"alias": "openai_msmarco__msl128__100epoch", "num_samples": 99, "return_best_hypothesis": 1, "num_gen_recursive_steps": 50, "sequence_beam_width": 8, "beam_width": 1, "dataset": "scifact"}}