{"eval_loss": 2.6970818042755127, "eval_accuracy": 0.4638671875, "eval_pred_num_tokens": 126.359375, "eval_true_num_tokens": 127.2421875, "eval_token_set_precision": 0.2513327372196945, "eval_token_set_recall": 0.43662869728544684, "eval_token_set_f1": 0.314798206731199, "eval_n_ngrams_match_1": 27.68, "eval_n_ngrams_match_2": 5.865, "eval_n_ngrams_match_3": 1.61, "eval_num_true_words": 85.79, "eval_num_pred_words": 79.49, "eval_bleu_score": 4.201048203195422, "eval_rouge_score": 0.31243905580304954, "eval_exact_match": 0.0, "eval_emb_cos_sim": 0.7779701352119446, "eval_perplexity": 14.83637305069032, "eval_runtime": 304.1503, "eval_samples_per_second": 0.658, "eval_steps_per_second": 0.658, "_eval_args": {"alias": "gtr_msmarco__msl128__100epoch", "num_samples": 200, "return_best_hypothesis": 1, "num_gen_recursive_steps": 50, "sequence_beam_width": 8, "beam_width": 1, "dataset": "scifact"}}