{"eval_loss": 0.7587260603904724, "eval_pred_num_tokens": 30.84375, "eval_true_num_tokens": 31.828125, "eval_token_set_precision": 0.8674574407440683, "eval_token_set_recall": 0.8822548602957987, "eval_token_set_f1": 0.8740048967103967, "eval_token_set_f1_sem": 0.005836818420045935, "eval_n_ngrams_match_1": 20.92, "eval_n_ngrams_match_2": 15.71, "eval_n_ngrams_match_3": 12.558, "eval_num_true_words": 24.298, "eval_num_pred_words": 24.074, "eval_bleu_score": 60.64830421063423, "eval_bleu_score_sem": 1.2597224862380951, "eval_rouge_score": 0.8706949751066542, "eval_exact_match": 0.174, "eval_exact_match_sem": 0.01697127125751611, "eval_emb_cos_sim": 0.9780309796333313, "eval_emb_cos_sim_sem": 0.0012511119570455527, "eval_runtime": 10486.4902, "eval_samples_per_second": 0.048, "eval_steps_per_second": 0.048, "_eval_args": {"alias": "openai_msmarco__msl32__100epoch__correct", "num_samples": 500, "return_best_hypothesis": 0, "num_gen_recursive_steps": 20, "sequence_beam_width": 1, "beam_width": 8, "dataset": null}}