{"eval_loss": 0.6404205560684204, "eval_pred_num_tokens": 31.0, "eval_true_num_tokens": 32.0, "eval_token_set_precision": 0.9499728626127982, "eval_token_set_recall": 0.954769241694228, "eval_token_set_f1": 0.9521234157667108, "eval_token_set_f1_sem": 0.0038081440949881027, "eval_n_ngrams_match_1": 23.126, "eval_n_ngrams_match_2": 20.122, "eval_n_ngrams_match_3": 17.972, "eval_num_true_words": 24.368, "eval_num_pred_words": 24.372, "eval_bleu_score": 82.92586600498316, "eval_bleu_score_sem": 1.0400348770605135, "eval_rouge_score": 0.9538123972259933, "eval_exact_match": 0.524, "eval_exact_match_sem": 0.022357273881016475, "eval_emb_cos_sim": 0.9893465042114258, "eval_emb_cos_sim_sem": 0.0010165151006520019, "eval_runtime": 1250.9797, "eval_samples_per_second": 0.4, "eval_steps_per_second": 0.05, "_eval_args": {"alias": "gtr_nq__msl32_beta__correct", "num_samples": 500, "return_best_hypothesis": 0, "num_gen_recursive_steps": 50, "sequence_beam_width": 1, "beam_width": 1, "dataset": null}}