{"eval_loss": 2.886275291442871, "eval_accuracy": 0.5408203125, "eval_pred_num_tokens": 105.5546875, "eval_true_num_tokens": 105.234375, "eval_token_set_precision": 0.3190961764511489, "eval_token_set_recall": 0.5186686893854012, "eval_token_set_f1": 0.37314157191559644, "eval_n_ngrams_match_1": 26.985, "eval_n_ngrams_match_2": 5.835, "eval_n_ngrams_match_3": 1.71, "eval_num_true_words": 83.13, "eval_num_pred_words": 78.435, "eval_bleu_score": 4.3962339232578245, "eval_rouge_score": 0.3717468480857157, "eval_exact_match": 0.04, "eval_emb_cos_sim": 0.7794574499130249, "eval_perplexity": 17.9264144271595, "eval_runtime": 240.1473, "eval_samples_per_second": 0.833, "eval_steps_per_second": 0.833, "_eval_args": {"alias": "gtr_msmarco__msl128__100epoch", "num_samples": 200, "return_best_hypothesis": 1, "num_gen_recursive_steps": 50, "sequence_beam_width": 8, "beam_width": 1, "dataset": "webis-touche2020"}}