{"eval_loss": 0.6404249668121338, "eval_pred_num_tokens": 31.0, "eval_true_num_tokens": 32.0, "eval_token_set_precision": 0.9767189472312566, "eval_token_set_recall": 0.9783646565321565, "eval_token_set_f1": 0.9774677663081439, "eval_bleu_score": 91.72269997933769, "eval_meteor_score": 0.9700378876695082, "eval_rouge_score": 0.975148978648859, "eval_exact_match": 0.784, "eval_emb_cos_sim": 0.9968518018722534, "eval_runtime": 1999.0112, "eval_samples_per_second": 0.25, "eval_steps_per_second": 0.125, "_eval_args": {"alias": "gtr_nq__msl32_beta__correct", "num_samples": 500, "return_best_hypothesis": 1, "num_gen_recursive_steps": 10, "sequence_beam_width": 1, "beam_width": 8}}