{"eval_loss": 1.951503038406372, "eval_pred_num_tokens": 80.7890625, "eval_true_num_tokens": 80.859375, "eval_token_set_precision": 0.6163354849810738, "eval_token_set_recall": 0.6524704153645777, "eval_token_set_f1": 0.6306144729911648, "eval_bleu_score": 22.44538783612131, "eval_meteor_score": 0.5024173259712666, "eval_rouge_score": 0.6246163454913065, "eval_exact_match": 0.02, "eval_emb_cos_sim": 0.9711209535598755, "eval_runtime": 5689.5767, "eval_samples_per_second": 0.088, "eval_steps_per_second": 0.044, "_eval_args": {"alias": "openai_msmarco__msl128__100epoch__correct_cheat", "num_samples": 500, "return_best_hypothesis": 1, "num_gen_recursive_steps": 10, "sequence_beam_width": 1, "beam_width": 8}}