{"eval_loss": 1.0230369567871094, "eval_pred_num_tokens": 72.70706939697266, "eval_true_num_tokens": 72.18181610107422, "eval_token_set_precision": 0.8762259674383317, "eval_token_set_recall": 0.8994811708456579, "eval_token_set_f1": 0.8869557093583267, "eval_token_set_f1_sem": 0.01184398820449199, "eval_n_ngrams_match_1": 47.62626262626262, "eval_n_ngrams_match_2": 36.42424242424242, "eval_n_ngrams_match_3": 30.01010101010101, "eval_num_true_words": 55.525252525252526, "eval_num_pred_words": 55.16161616161616, "eval_bleu_score": 65.366065317596, "eval_bleu_score_sem": 2.6762871939780433, "eval_rouge_score": 0.8844151051524118, "eval_exact_match": 0.20202020202020202, "eval_exact_match_sem": 0.04055835302324732, "eval_emb_cos_sim": 0.9955642223358154, "eval_emb_cos_sim_sem": 0.0006077224695289134, "eval_runtime": 14826.2584, "eval_samples_per_second": 0.007, "eval_steps_per_second": 0.007, "_eval_args": {"alias": "openai_msmarco__msl128__200epoch__correct", "num_samples": 99, "return_best_hypothesis": 1, "num_gen_recursive_steps": 50, "sequence_beam_width": 8, "beam_width": 1, "dataset": "msmarco"}}