{"eval_loss": 0.6403788924217224, "eval_pred_num_tokens": 31.0, "eval_true_num_tokens": 32.0, "eval_token_set_precision": 0.991587068126531, "eval_token_set_recall": 0.9919020087948128, "eval_token_set_f1": 0.9917163438996062, "eval_token_set_f1_sem": 0.0019077352935974266, "eval_n_ngrams_match_1": 24.146, "eval_n_ngrams_match_2": 22.812, "eval_n_ngrams_match_3": 21.626, "eval_num_true_words": 24.368, "eval_num_pred_words": 24.362, "eval_bleu_score": 97.15772742967476, "eval_bleu_score_sem": 0.5245681747246257, "eval_rouge_score": 0.9926958172868131, "eval_exact_match": 0.92, "eval_exact_match_sem": 0.012144751540478706, "eval_emb_cos_sim": 0.9991519451141357, "eval_emb_cos_sim_sem": 0.00019774184392600704, "eval_runtime": 13977.4546, "eval_samples_per_second": 0.036, "eval_steps_per_second": 0.036, "_eval_args": {"alias": "gtr_nq__msl32_beta__correct", "num_samples": 500, "return_best_hypothesis": 1, "num_gen_recursive_steps": 50, "sequence_beam_width": 8, "beam_width": 1, "dataset": null}}