{"eval_loss": 1.614856243133545, "eval_pred_num_tokens": 73.0234375, "eval_true_num_tokens": 72.0703125, "eval_token_set_precision": 0.6980954562922644, "eval_token_set_recall": 0.7437054898107799, "eval_token_set_f1": 0.7173774001793299, "eval_n_ngrams_match_1": 39.675, "eval_n_ngrams_match_2": 22.64, "eval_n_ngrams_match_3": 15.285, "eval_num_true_words": 57.83, "eval_num_pred_words": 56.465, "eval_bleu_score": 35.351119508112994, "eval_meteor_score": 0.6269452670269368, "eval_rouge_score": 0.7212340987633772, "eval_exact_match": 0.045, "eval_emb_cos_sim": 0.9843605756759644, "eval_runtime": 29190.8529, "eval_samples_per_second": 0.007, "eval_steps_per_second": 0.007, "_eval_args": {"alias": "openai_msmarco__msl128__100epoch__correct", "num_samples": 200, "return_best_hypothesis": 1, "num_gen_recursive_steps": 50, "sequence_beam_width": 8, "beam_width": 1, "dataset": "msmarco"}}