{"eval_loss": 2.4630234241485596, "eval_pred_num_tokens": 123.46875, "eval_true_num_tokens": 125.234375, "eval_token_set_precision": 0.4188824010041025, "eval_token_set_recall": 0.5438751522578228, "eval_token_set_f1": 0.4700423584469974, "eval_n_ngrams_match_1": 40.9, "eval_n_ngrams_match_2": 12.47, "eval_n_ngrams_match_3": 5.14, "eval_num_true_words": 88.615, "eval_num_pred_words": 79.815, "eval_bleu_score": 10.302159212974061, "eval_meteor_score": 0.3428923085011404, "eval_rouge_score": 0.48644512205716106, "eval_exact_match": 0.01, "eval_emb_cos_sim": 0.9641528725624084, "eval_runtime": 51214.9359, "eval_samples_per_second": 0.004, "eval_steps_per_second": 0.004, "_eval_args": {"alias": "openai_msmarco__msl128__100epoch__correct", "num_samples": 200, "return_best_hypothesis": 1, "num_gen_recursive_steps": 50, "sequence_beam_width": 8, "beam_width": 1, "dataset": "trec-covid"}}