{"eval_loss": 1.3770984411239624, "eval_pred_num_tokens": 91.79798126220703, "eval_true_num_tokens": 91.28282928466797, "eval_token_set_precision": 0.7574795416499945, "eval_token_set_recall": 0.807515673092821, "eval_token_set_f1": 0.7794770277483966, "eval_token_set_f1_sem": 0.015235313254240341, "eval_n_ngrams_match_1": 48.333333333333336, "eval_n_ngrams_match_2": 31.353535353535353, "eval_n_ngrams_match_3": 23.07070707070707, "eval_num_true_words": 65.07070707070707, "eval_num_pred_words": 62.656565656565654, "eval_bleu_score": 47.97536070144759, "eval_bleu_score_sem": 2.596932877209334, "eval_rouge_score": 0.7774935679593796, "eval_exact_match": 0.08080808080808081, "eval_exact_match_sem": 0.027530712883605937, "eval_emb_cos_sim": 0.9920803308486938, "eval_emb_cos_sim_sem": 0.0010604804532829656, "eval_runtime": 17126.5532, "eval_samples_per_second": 0.006, "eval_steps_per_second": 0.006, "_eval_args": {"alias": "openai_msmarco__msl128__200epoch__correct", "num_samples": 99, "return_best_hypothesis": 1, "num_gen_recursive_steps": 50, "sequence_beam_width": 8, "beam_width": 1, "dataset": "dbpedia-entity"}}