{"eval_loss": 1.031491994857788, "eval_accuracy": 0.9022785999530185, "eval_pred_num_tokens": 19.77777862548828, "eval_true_num_tokens": 15.696969985961914, "eval_token_set_precision": 0.7722181529852228, "eval_token_set_recall": 0.7404682251534909, "eval_token_set_f1": 0.7376418221381423, "eval_token_set_f1_std": 0.18229991985433663, "eval_n_ngrams_match_1": 9.363636363636363, "eval_n_ngrams_match_2": 5.333333333333333, "eval_n_ngrams_match_3": 3.3636363636363638, "eval_num_true_words": 12.686868686868687, "eval_num_pred_words": 15.828282828282829, "eval_bleu_score": 36.216523981906995, "eval_bleu_score_std": 29.02695440741159, "eval_rouge_score": 0.6911801401937268, "eval_exact_match": 0.12121212121212122, "eval_exact_match_std": 0.3263736246748184, "eval_emb_cos_sim": 0.9535613656044006, "eval_emb_cos_sim_std": 0.03589250519871712, "eval_perplexity": 2.8052481297262806, "eval_runtime": 33.1018, "eval_samples_per_second": 2.991, "eval_steps_per_second": 2.991, "_eval_args": {"alias": "openai_msmarco__msl128__100epoch", "num_samples": 99, "return_best_hypothesis": 1, "num_gen_recursive_steps": 50, "sequence_beam_width": 8, "beam_width": 1, "dataset": "quora"}}