{"eval_loss": 0.3826320469379425, "eval_pred_num_tokens": 16.29292869567871, "eval_true_num_tokens": 15.696969985961914, "eval_token_set_precision": 0.9836061525455466, "eval_token_set_recall": 0.9895211903582051, "eval_token_set_f1": 0.9862576807855146, "eval_token_set_f1_sem": 0.004654522828709395, "eval_n_ngrams_match_1": 12.373737373737374, "eval_n_ngrams_match_2": 11.05050505050505, "eval_n_ngrams_match_3": 9.858585858585858, "eval_num_true_words": 12.686868686868687, "eval_num_pred_words": 12.595959595959595, "eval_bleu_score": 95.54812933127008, "eval_bleu_score_sem": 1.3352467239051922, "eval_rouge_score": 0.988804881534598, "eval_exact_match": 0.8787878787878788, "eval_exact_match_sem": 0.03296871474399961, "eval_emb_cos_sim": 0.9990360736846924, "eval_emb_cos_sim_sem": 0.00035357820153149045, "eval_runtime": 7492.1284, "eval_samples_per_second": 0.013, "eval_steps_per_second": 0.013, "_eval_args": {"alias": "openai_msmarco__msl128__200epoch__correct", "num_samples": 99, "return_best_hypothesis": 1, "num_gen_recursive_steps": 50, "sequence_beam_width": 8, "beam_width": 1, "dataset": "quora"}}