{"eval_loss": 2.5173861980438232, "eval_pred_num_tokens": 125.3671875, "eval_true_num_tokens": 127.3984375, "eval_token_set_precision": 0.39770893569370747, "eval_token_set_recall": 0.5354013993520221, "eval_token_set_f1": 0.4533611948089793, "eval_n_ngrams_match_1": 39.41, "eval_n_ngrams_match_2": 12.795, "eval_n_ngrams_match_3": 5.68, "eval_num_true_words": 89.17, "eval_num_pred_words": 77.805, "eval_bleu_score": 11.220804555539814, "eval_meteor_score": 0.3172519962732769, "eval_rouge_score": 0.4611842446691981, "eval_exact_match": 0.0, "eval_emb_cos_sim": 0.9579325914382935, "eval_runtime": 35467.9387, "eval_samples_per_second": 0.006, "eval_steps_per_second": 0.006, "_eval_args": {"alias": "openai_msmarco__msl128__100epoch__correct", "num_samples": 200, "return_best_hypothesis": 1, "num_gen_recursive_steps": 50, "sequence_beam_width": 8, "beam_width": 1, "dataset": "bioasq"}}