{"eval_loss": 0.6403788924217224, "eval_pred_num_tokens": 31.0, "eval_true_num_tokens": 32.0, "eval_token_set_precision": 0.9824107880012033, "eval_token_set_recall": 0.9836457929140509, "eval_token_set_f1": 0.9829707548602377, "eval_token_set_f1_sem": 0.0022869750000456906, "eval_n_ngrams_match_1": 23.9, "eval_n_ngrams_match_2": 22.03, "eval_n_ngrams_match_3": 20.524, "eval_num_true_words": 24.368, "eval_num_pred_words": 24.376, "eval_bleu_score": 93.0541347533114, "eval_bleu_score_sem": 0.7617930528783106, "eval_rouge_score": 0.983297467612501, "eval_exact_match": 0.814, "eval_exact_match_sem": 0.01741880678058399, "eval_emb_cos_sim": 0.9973130226135254, "eval_emb_cos_sim_sem": 0.00039105146020520094, "eval_runtime": 8970.4884, "eval_samples_per_second": 0.056, "eval_steps_per_second": 0.056, "_eval_args": {"alias": "gtr_nq__msl32_beta__correct", "num_samples": 500, "return_best_hypothesis": 1, "num_gen_recursive_steps": 50, "sequence_beam_width": 1, "beam_width": 8, "dataset": null}}