{"eval_loss": 2.6212823390960693, "eval_accuracy": 0.5383522727272727, "eval_pred_num_tokens": 109.16161346435547, "eval_true_num_tokens": 106.42424011230469, "eval_token_set_precision": 0.3654084791406942, "eval_token_set_recall": 0.5886117924722593, "eval_token_set_f1": 0.4371954236698492, "eval_token_set_f1_std": 0.10940515951972313, "eval_n_ngrams_match_1": 31.424242424242426, "eval_n_ngrams_match_2": 9.424242424242424, "eval_n_ngrams_match_3": 3.303030303030303, "eval_num_true_words": 78.8989898989899, "eval_num_pred_words": 75.58585858585859, "eval_bleu_score": 7.052169068146818, "eval_bleu_score_std": 5.737176325919123, "eval_rouge_score": 0.42009369603013824, "eval_exact_match": 0.0, "eval_exact_match_std": 0.0, "eval_emb_cos_sim": 0.8857479095458984, "eval_emb_cos_sim_std": 0.038355059921741486, "eval_perplexity": 13.753348738740456, "eval_runtime": 170.0598, "eval_samples_per_second": 0.582, "eval_steps_per_second": 0.582, "_eval_args": {"alias": "openai_msmarco__msl128__100epoch", "num_samples": 99, "return_best_hypothesis": 1, "num_gen_recursive_steps": 50, "sequence_beam_width": 8, "beam_width": 1, "dataset": "cqadupstack"}}