{"eval_loss": 1.9514882564544678, "eval_pred_num_tokens": 81.1953125, "eval_true_num_tokens": 80.859375, "eval_token_set_precision": 0.6194137014720728, "eval_token_set_recall": 0.6521748106882609, "eval_token_set_f1": 0.6320951541106239, "eval_bleu_score": 22.65221176141656, "eval_meteor_score": 0.5085182507376744, "eval_rouge_score": 0.6289543754109996, "eval_exact_match": 0.02, "eval_emb_cos_sim": 0.9719395637512207, "eval_runtime": 25646.642, "eval_samples_per_second": 0.019, "eval_steps_per_second": 0.01, "_eval_args": {"alias": "openai_msmarco__msl128__100epoch__correct_cheat", "num_samples": 500, "return_best_hypothesis": 1, "num_gen_recursive_steps": 50, "sequence_beam_width": 1, "beam_width": 8}}