{"eval_loss": 0.6403788924217224, "eval_pred_num_tokens": 31.0, "eval_true_num_tokens": 32.0, "eval_token_set_precision": 0.9552637603367908, "eval_token_set_recall": 0.9606658205816785, "eval_token_set_f1": 0.957734139965328, "eval_token_set_f1_sem": 0.0035753811558477512, "eval_n_ngrams_match_1": 23.24, "eval_n_ngrams_match_2": 20.51, "eval_n_ngrams_match_3": 18.458, "eval_num_true_words": 24.368, "eval_num_pred_words": 24.32, "eval_bleu_score": 84.92039031206494, "eval_bleu_score_sem": 0.9504650158335016, "eval_rouge_score": 0.9590128299140908, "eval_exact_match": 0.534, "eval_exact_match_sem": 0.022331264423258324, "eval_emb_cos_sim": 0.991158664226532, "eval_emb_cos_sim_sem": 0.0007873453240851226, "eval_runtime": 9559.7803, "eval_samples_per_second": 0.052, "eval_steps_per_second": 0.052, "_eval_args": {"alias": "gtr_nq__msl32_beta__correct", "num_samples": 500, "return_best_hypothesis": 0, "num_gen_recursive_steps": 50, "sequence_beam_width": 1, "beam_width": 8, "dataset": null}}