{"eval_loss": 2.434343099594116, "eval_pred_num_tokens": 122.24242401123047, "eval_true_num_tokens": 125.3131332397461, "eval_token_set_precision": 0.5173171219716622, "eval_token_set_recall": 0.653483105706506, "eval_token_set_f1": 0.5755018358908236, "eval_token_set_f1_sem": 0.011444196380343242, "eval_n_ngrams_match_1": 57.13131313131313, "eval_n_ngrams_match_2": 23.242424242424242, "eval_n_ngrams_match_3": 12.04040404040404, "eval_num_true_words": 101.26262626262626, "eval_num_pred_words": 91.84848484848484, "eval_bleu_score": 17.7359017489719, "eval_bleu_score_sem": 1.1885413731980645, "eval_rouge_score": 0.5926796622409771, "eval_exact_match": 0.0, "eval_exact_match_sem": 0.0, "eval_emb_cos_sim": 0.979575514793396, "eval_emb_cos_sim_sem": 0.00150193882433077, "eval_runtime": 17618.2714, "eval_samples_per_second": 0.006, "eval_steps_per_second": 0.006, "_eval_args": {"alias": "openai_msmarco__msl128__200epoch__correct", "num_samples": 99, "return_best_hypothesis": 1, "num_gen_recursive_steps": 50, "sequence_beam_width": 8, "beam_width": 1, "dataset": "scidocs"}}