{"eval_loss": 0.6404249668121338, "eval_pred_num_tokens": 31.0, "eval_true_num_tokens": 32.0, "eval_token_set_precision": 0.9702031504448959, "eval_token_set_recall": 0.973643688167211, "eval_token_set_f1": 0.9718103248975536, "eval_bleu_score": 90.79970177205512, "eval_meteor_score": 0.9618211714769632, "eval_rouge_score": 0.9690266215439485, "eval_exact_match": 0.748, "eval_emb_cos_sim": 0.9948397874832153, "eval_runtime": 2204.1143, "eval_samples_per_second": 0.227, "eval_steps_per_second": 0.113, "_eval_args": {"alias": "gtr_nq__msl32_beta__correct", "num_samples": 500, "return_best_hypothesis": 0, "num_gen_recursive_steps": 10, "sequence_beam_width": 8, "beam_width": 1}}