{"eval_loss": 0.7595707774162292, "eval_pred_num_tokens": 30.875, "eval_true_num_tokens": 31.828125, "eval_token_set_precision": 0.8672967529043657, "eval_token_set_recall": 0.8794629839459507, "eval_token_set_f1": 0.8725875556998479, "eval_token_set_f1_sem": 0.005893112345379039, "eval_n_ngrams_match_1": 20.978, "eval_n_ngrams_match_2": 15.55, "eval_n_ngrams_match_3": 12.366, "eval_num_true_words": 24.298, "eval_num_pred_words": 24.224, "eval_bleu_score": 59.73905777503519, "eval_bleu_score_sem": 1.2331629843736756, "eval_rouge_score": 0.8680191930972037, "eval_exact_match": 0.158, "eval_exact_match_sem": 0.0163280498045799, "eval_emb_cos_sim": 0.9768931269645691, "eval_emb_cos_sim_sem": 0.001274904942738667, "eval_runtime": 3105.344, "eval_samples_per_second": 0.161, "eval_steps_per_second": 0.02, "_eval_args": {"alias": "openai_msmarco__msl32__100epoch__correct", "num_samples": 500, "return_best_hypothesis": 0, "num_gen_recursive_steps": 50, "sequence_beam_width": 1, "beam_width": 1, "dataset": null}}