{"eval_loss": 2.8342926502227783, "eval_pred_num_tokens": 122.8203125, "eval_true_num_tokens": 124.5390625, "eval_token_set_precision": 0.40075338281795697, "eval_token_set_recall": 0.5531938882257558, "eval_token_set_f1": 0.46098552223870015, "eval_n_ngrams_match_1": 45.86, "eval_n_ngrams_match_2": 13.95, "eval_n_ngrams_match_3": 5.3, "eval_num_true_words": 100.24, "eval_num_pred_words": 90.47, "eval_bleu_score": 9.595766361716214, "eval_meteor_score": 0.32472651884705445, "eval_rouge_score": 0.4766351994540776, "eval_exact_match": 0.0, "eval_emb_cos_sim": 0.9620909690856934, "eval_runtime": 49672.9713, "eval_samples_per_second": 0.004, "eval_steps_per_second": 0.004, "_eval_args": {"alias": "openai_msmarco__msl128__100epoch__correct", "num_samples": 200, "return_best_hypothesis": 1, "num_gen_recursive_steps": 50, "sequence_beam_width": 8, "beam_width": 1, "dataset": "scidocs"}}