{"eval_loss": 2.671982526779175, "eval_pred_num_tokens": 104.9921875, "eval_true_num_tokens": 106.3125, "eval_token_set_precision": 0.4694190869927807, "eval_token_set_recall": 0.6155784129997434, "eval_token_set_f1": 0.5241935552953043, "eval_n_ngrams_match_1": 35.155, "eval_n_ngrams_match_2": 12.34, "eval_n_ngrams_match_3": 5.45, "eval_num_true_words": 75.9, "eval_num_pred_words": 70.835, "eval_bleu_score": 11.65197666455796, "eval_meteor_score": 0.3790050113503616, "eval_rouge_score": 0.5215254123703152, "eval_exact_match": 0.005, "eval_emb_cos_sim": 0.9385831356048584, "eval_runtime": 35224.0707, "eval_samples_per_second": 0.006, "eval_steps_per_second": 0.006, "_eval_args": {"alias": "openai_msmarco__msl128__100epoch__correct", "num_samples": 200, "return_best_hypothesis": 1, "num_gen_recursive_steps": 50, "sequence_beam_width": 8, "beam_width": 1, "dataset": "cqadupstack"}}