{"eval_loss": 1.9623284339904785, "eval_pred_num_tokens": 78.375, "eval_true_num_tokens": 80.859375, "eval_token_set_precision": 0.5819967708454195, "eval_token_set_recall": 0.627418589646047, "eval_token_set_f1": 0.6010189911016245, "eval_bleu_score": 20.07221320645619, "eval_meteor_score": 0.4681042454734795, "eval_rouge_score": 0.5959959165542434, "eval_exact_match": 0.008, "eval_emb_cos_sim": 0.9328195452690125, "eval_runtime": 857.462, "eval_samples_per_second": 0.583, "eval_steps_per_second": 0.037, "_eval_args": {"alias": "openai_msmarco__msl128__100epoch__correct_cheat", "num_samples": 500, "return_best_hypothesis": 1, "num_gen_recursive_steps": 10, "sequence_beam_width": 1, "beam_width": 1}}