{"eval_loss": 1.6950880289077759, "eval_pred_num_tokens": 80.609375, "eval_true_num_tokens": 80.859375, "eval_token_set_precision": 0.6945190128179226, "eval_token_set_recall": 0.7473456449667185, "eval_token_set_f1": 0.7166926545348058, "eval_bleu_score": 33.921519255587846, "eval_meteor_score": 0.6055730224918027, "eval_rouge_score": 0.7068595163067362, "eval_exact_match": 0.05, "eval_emb_cos_sim": 0.9822763204574585, "eval_runtime": 79849.934, "eval_samples_per_second": 0.006, "eval_steps_per_second": 0.003, "_eval_args": {"alias": "openai_msmarco__msl128__100epoch__correct", "num_samples": 500, "return_best_hypothesis": 1, "num_gen_recursive_steps": 50, "sequence_beam_width": 8, "beam_width": 1}}