{"eval_loss": 1.6936231851577759, "eval_pred_num_tokens": 82.6953125, "eval_true_num_tokens": 80.859375, "eval_token_set_precision": 0.6415365538197246, "eval_token_set_recall": 0.706494595717904, "eval_token_set_f1": 0.6679710058173325, "eval_bleu_score": 28.06649667370309, "eval_meteor_score": 0.544466554965017, "eval_rouge_score": 0.6522950720909346, "eval_exact_match": 0.018, "eval_emb_cos_sim": 0.9705884456634521, "eval_runtime": 5634.4748, "eval_samples_per_second": 0.089, "eval_steps_per_second": 0.044, "_eval_args": {"alias": "openai_msmarco__msl128__100epoch__correct", "num_samples": 500, "return_best_hypothesis": 1, "num_gen_recursive_steps": 10, "sequence_beam_width": 1, "beam_width": 8}}