{"eval_loss": 2.719639539718628, "eval_accuracy": 0.5129419191919192, "eval_pred_num_tokens": 110.0, "eval_true_num_tokens": 107.38383483886719, "eval_token_set_precision": 0.3818118804955691, "eval_token_set_recall": 0.527811987635497, "eval_token_set_f1": 0.4148856077078408, "eval_token_set_f1_std": 0.11403646109904786, "eval_n_ngrams_match_1": 36.74747474747475, "eval_n_ngrams_match_2": 9.656565656565656, "eval_n_ngrams_match_3": 2.7676767676767677, "eval_num_true_words": 89.9090909090909, "eval_num_pred_words": 85.26262626262626, "eval_bleu_score": 6.596937204678786, "eval_bleu_score_std": 5.255573335307901, "eval_rouge_score": 0.41576629698297707, "eval_exact_match": 0.0, "eval_exact_match_std": 0.0, "eval_emb_cos_sim": 0.9081628322601318, "eval_emb_cos_sim_std": 0.03263081982731819, "eval_perplexity": 15.174851327809565, "eval_runtime": 105.9116, "eval_samples_per_second": 0.935, "eval_steps_per_second": 0.935, "_eval_args": {"alias": "openai_msmarco__msl128__100epoch", "num_samples": 99, "return_best_hypothesis": 1, "num_gen_recursive_steps": 50, "sequence_beam_width": 8, "beam_width": 1, "dataset": "webis-touche2020"}}