{"eval_loss": 2.4854233264923096, "eval_accuracy": 0.493515625, "eval_pred_num_tokens": 125.640625, "eval_true_num_tokens": 127.34375, "eval_token_set_precision": 0.2845143957593552, "eval_token_set_recall": 0.4729240523890565, "eval_token_set_f1": 0.3506424058206902, "eval_n_ngrams_match_1": 32.885, "eval_n_ngrams_match_2": 8.36, "eval_n_ngrams_match_3": 2.72, "eval_num_true_words": 91.16, "eval_num_pred_words": 86.28, "eval_bleu_score": 6.002772569561901, "eval_rouge_score": 0.35593255363488363, "eval_exact_match": 0.0, "eval_emb_cos_sim": 0.8004171848297119, "eval_perplexity": 12.006201722456506, "eval_runtime": 339.7116, "eval_samples_per_second": 0.589, "eval_steps_per_second": 0.589, "_eval_args": {"alias": "gtr_msmarco__msl128__100epoch", "num_samples": 200, "return_best_hypothesis": 1, "num_gen_recursive_steps": 50, "sequence_beam_width": 8, "beam_width": 1, "dataset": "nfcorpus"}}