{"eval_loss": 2.1270382404327393, "eval_pred_num_tokens": 104.7676773071289, "eval_true_num_tokens": 106.42424011230469, "eval_token_set_precision": 0.5880333138754528, "eval_token_set_recall": 0.741070718101539, "eval_token_set_f1": 0.6434277811780921, "eval_token_set_f1_sem": 0.016880442036422062, "eval_n_ngrams_match_1": 44.84848484848485, "eval_n_ngrams_match_2": 21.04040404040404, "eval_n_ngrams_match_3": 12.191919191919192, "eval_num_true_words": 78.8989898989899, "eval_num_pred_words": 76.1919191919192, "eval_bleu_score": 23.312837074292116, "eval_bleu_score_sem": 2.286672241309608, "eval_rouge_score": 0.6384400426398942, "eval_exact_match": 0.030303030303030304, "eval_exact_match_sem": 0.01731601731601732, "eval_emb_cos_sim": 0.9625507593154907, "eval_emb_cos_sim_sem": 0.0028106211879555354, "eval_runtime": 15700.7506, "eval_samples_per_second": 0.006, "eval_steps_per_second": 0.006, "_eval_args": {"alias": "openai_msmarco__msl128__200epoch__correct", "num_samples": 99, "return_best_hypothesis": 1, "num_gen_recursive_steps": 50, "sequence_beam_width": 8, "beam_width": 1, "dataset": "cqadupstack"}}