{"eval_loss": 2.0635392665863037, "eval_pred_num_tokens": 94.15625, "eval_true_num_tokens": 94.3359375, "eval_token_set_precision": 0.6064687028851059, "eval_token_set_recall": 0.7124177302797711, "eval_token_set_f1": 0.6433098138774334, "eval_n_ngrams_match_1": 37.21, "eval_n_ngrams_match_2": 18.786, "eval_n_ngrams_match_3": 11.398, "eval_num_true_words": 65.992, "eval_num_pred_words": 57.862, "eval_bleu_score": 24.25425640327983, "eval_meteor_score": 0.5163002422876164, "eval_rouge_score": 0.6339997694431962, "eval_exact_match": 0.096, "eval_emb_cos_sim": 0.9796761870384216, "eval_runtime": 67387.5018, "eval_samples_per_second": 0.007, "eval_steps_per_second": 0.004, "_eval_args": {"alias": "openai_msmarco__msl128__100epoch__correct", "num_samples": 500, "return_best_hypothesis": 1, "num_gen_recursive_steps": 50, "sequence_beam_width": 8, "beam_width": 1, "dataset": "hotpotqa"}}