{"eval_loss": 1.9623126983642578, "eval_pred_num_tokens": 78.328125, "eval_true_num_tokens": 80.859375, "eval_token_set_precision": 0.5841654366845537, "eval_token_set_recall": 0.6293211377593251, "eval_token_set_f1": 0.6029908367272292, "eval_bleu_score": 20.16911853529235, "eval_meteor_score": 0.470264834358931, "eval_rouge_score": 0.5972877643840138, "eval_exact_match": 0.008, "eval_emb_cos_sim": 0.9640138149261475, "eval_runtime": 3405.5561, "eval_samples_per_second": 0.147, "eval_steps_per_second": 0.009, "_eval_args": {"alias": "openai_msmarco__msl128__100epoch__correct_cheat", "num_samples": 500, "return_best_hypothesis": 0, "num_gen_recursive_steps": 50, "sequence_beam_width": 1, "beam_width": 1}}