{"eval_loss": 1.7110800743103027, "eval_pred_num_tokens": 81.140625, "eval_true_num_tokens": 80.859375, "eval_token_set_precision": 0.6077635777886404, "eval_token_set_recall": 0.6799335253691788, "eval_token_set_f1": 0.6380083966674954, "eval_bleu_score": 25.026682034988028, "eval_meteor_score": 0.5088993424499606, "eval_rouge_score": 0.6230340119859658, "eval_exact_match": 0.008, "eval_emb_cos_sim": 0.9663638472557068, "eval_runtime": 1045.5328, "eval_samples_per_second": 0.478, "eval_steps_per_second": 0.031, "_eval_args": {"alias": "openai_msmarco__msl128__100epoch__correct", "num_samples": 500, "return_best_hypothesis": 1, "num_gen_recursive_steps": 10, "sequence_beam_width": 1, "beam_width": 1}}