{"eval_loss": 1.9623881578445435, "eval_pred_num_tokens": 78.9375, "eval_true_num_tokens": 80.859375, "eval_token_set_precision": 0.5820186467159769, "eval_token_set_recall": 0.6277724797096043, "eval_token_set_f1": 0.6011552198315724, "eval_bleu_score": 19.82197983561842, "eval_meteor_score": 0.46827709868203315, "eval_rouge_score": 0.5958673456959918, "eval_exact_match": 0.008, "eval_emb_cos_sim": 0.9629112482070923, "eval_runtime": 857.8824, "eval_samples_per_second": 0.583, "eval_steps_per_second": 0.037, "_eval_args": {"alias": "openai_msmarco__msl128__100epoch__correct_cheat", "num_samples": 500, "return_best_hypothesis": 0, "num_gen_recursive_steps": 10, "sequence_beam_width": 1, "beam_width": 1}}