{"eval_loss": 2.1730525493621826, "eval_accuracy": 0.6529296875, "eval_pred_num_tokens": 96.8515625, "eval_true_num_tokens": 94.3359375, "eval_token_set_precision": 0.4323669259309017, "eval_token_set_recall": 0.5633677809557807, "eval_token_set_f1": 0.4795214462700641, "eval_n_ngrams_match_1": 33.18, "eval_n_ngrams_match_2": 12.9, "eval_n_ngrams_match_3": 6.025, "eval_num_true_words": 70.88, "eval_num_pred_words": 67.815, "eval_bleu_score": 13.711495172103744, "eval_rouge_score": 0.46804711828775913, "eval_exact_match": 0.015, "eval_emb_cos_sim": 0.8797553777694702, "eval_perplexity": 8.785059981752397, "eval_runtime": 269.4133, "eval_samples_per_second": 0.742, "eval_steps_per_second": 0.742, "_eval_args": {"alias": "gtr_msmarco__msl128__100epoch", "num_samples": 200, "return_best_hypothesis": 1, "num_gen_recursive_steps": 50, "sequence_beam_width": 8, "beam_width": 1, "dataset": "hotpotqa"}}