{"eval_loss": 2.5369739532470703, "eval_accuracy": 0.4828125, "eval_pred_num_tokens": 127.0, "eval_true_num_tokens": 128.0, "eval_token_set_precision": 0.3274555105911038, "eval_token_set_recall": 0.4930952686036454, "eval_token_set_f1": 0.3914386398741173, "eval_token_set_f1_std": 0.053591147545512384, "eval_n_ngrams_match_1": 31.4, "eval_n_ngrams_match_2": 7.4, "eval_n_ngrams_match_3": 2.0, "eval_num_true_words": 88.4, "eval_num_pred_words": 78.6, "eval_bleu_score": 5.071004413333446, "eval_bleu_score_std": 3.3374942827655287, "eval_rouge_score": 0.35041537002830025, "eval_exact_match": 0.0, "eval_exact_match_std": 0.0, "eval_emb_cos_sim": 0.9213182330131531, "eval_emb_cos_sim_std": 0.013394121080636978, "eval_perplexity": 12.641359688764286, "eval_runtime": 5.704, "eval_samples_per_second": 0.877, "eval_steps_per_second": 0.351, "_eval_args": {"alias": "openai_msmarco__msl128__100epoch", "num_samples": 5, "return_best_hypothesis": 1, "num_gen_recursive_steps": 5, "sequence_beam_width": 2, "beam_width": 1, "dataset": "scifact"}}