{"eval_loss": 1.622827172279358, "eval_pred_num_tokens": 73.8203125, "eval_true_num_tokens": 72.0703125, "eval_token_set_precision": 0.6984672504669226, "eval_token_set_recall": 0.7383002670701709, "eval_token_set_f1": 0.7152454453129982, "eval_n_ngrams_match_1": 40.478, "eval_n_ngrams_match_2": 23.314, "eval_n_ngrams_match_3": 16.098, "eval_num_true_words": 58.852, "eval_num_pred_words": 57.594, "eval_bleu_score": 36.48056891639271, "eval_meteor_score": 0.6271248811283151, "eval_rouge_score": 0.717051167176939, "eval_exact_match": 0.056, "eval_emb_cos_sim": 0.9843562245368958, "eval_runtime": 116213.6746, "eval_samples_per_second": 0.004, "eval_steps_per_second": 0.002, "_eval_args": {"alias": "openai_msmarco__msl128__100epoch__correct", "num_samples": 500, "return_best_hypothesis": 1, "num_gen_recursive_steps": 50, "sequence_beam_width": 8, "beam_width": 1, "dataset": "msmarco"}}