{"eval_loss": 1.5952409505844116, "eval_pred_num_tokens": 73.080810546875, "eval_true_num_tokens": 76.46464538574219, "eval_token_set_precision": 0.7732469955568345, "eval_token_set_recall": 0.8232133904010864, "eval_token_set_f1": 0.7944431268151391, "eval_token_set_f1_sem": 0.018779803385048626, "eval_n_ngrams_match_1": 39.23232323232323, "eval_n_ngrams_match_2": 25.01010101010101, "eval_n_ngrams_match_3": 18.353535353535353, "eval_num_true_words": 54.535353535353536, "eval_num_pred_words": 54.16161616161616, "eval_bleu_score": 53.3706133437928, "eval_bleu_score_sem": 3.308112292538188, "eval_rouge_score": 0.801610920377863, "eval_exact_match": 0.24242424242424243, "eval_exact_match_sem": 0.04329004329004328, "eval_emb_cos_sim": 0.9897761344909668, "eval_emb_cos_sim_sem": 0.0013828822847957519, "eval_runtime": 13192.267, "eval_samples_per_second": 0.008, "eval_steps_per_second": 0.008, "_eval_args": {"alias": "openai_msmarco__msl128__200epoch__correct", "num_samples": 99, "return_best_hypothesis": 1, "num_gen_recursive_steps": 50, "sequence_beam_width": 8, "beam_width": 1, "dataset": "fever"}}