{"eval_loss": 1.951585054397583, "eval_pred_num_tokens": 78.3671875, "eval_true_num_tokens": 80.859375, "eval_token_set_precision": 0.5748964720990674, "eval_token_set_recall": 0.6420880661436092, "eval_token_set_f1": 0.6025512172489472, "eval_bleu_score": 20.038827013349415, "eval_meteor_score": 0.4666488833170579, "eval_rouge_score": 0.595191845127754, "eval_exact_match": 0.008, "eval_emb_cos_sim": 0.9625988006591797, "eval_runtime": 5330.9982, "eval_samples_per_second": 0.094, "eval_steps_per_second": 0.047, "_eval_args": {"alias": "openai_msmarco__msl128__100epoch__correct_cheat", "num_samples": 500, "return_best_hypothesis": 0, "num_gen_recursive_steps": 10, "sequence_beam_width": 1, "beam_width": 8}}