{"eval_loss": 2.606308698654175, "eval_accuracy": 0.6148828125, "eval_pred_num_tokens": 98.0859375, "eval_true_num_tokens": 95.5234375, "eval_token_set_precision": 0.35795131408974895, "eval_token_set_recall": 0.4899506242333506, "eval_token_set_f1": 0.40385740274350934, "eval_n_ngrams_match_1": 29.695, "eval_n_ngrams_match_2": 8.425, "eval_n_ngrams_match_3": 3.045, "eval_num_true_words": 75.325, "eval_num_pred_words": 72.875, "eval_bleu_score": 7.558091907224989, "eval_rouge_score": 0.4169680218322379, "eval_exact_match": 0.0, "eval_emb_cos_sim": 0.8179497122764587, "eval_perplexity": 13.54894519155895, "eval_runtime": 263.2888, "eval_samples_per_second": 0.76, "eval_steps_per_second": 0.76, "_eval_args": {"alias": "gtr_msmarco__msl128__100epoch", "num_samples": 200, "return_best_hypothesis": 1, "num_gen_recursive_steps": 50, "sequence_beam_width": 8, "beam_width": 1, "dataset": "nq"}}