{"eval_loss": 2.4920313358306885, "eval_pred_num_tokens": 125.6796875, "eval_true_num_tokens": 127.2421875, "eval_token_set_precision": 0.3912396651154376, "eval_token_set_recall": 0.5204522365488903, "eval_token_set_f1": 0.4439467538284832, "eval_n_ngrams_match_1": 37.26, "eval_n_ngrams_match_2": 11.115, "eval_n_ngrams_match_3": 4.605, "eval_num_true_words": 85.79, "eval_num_pred_words": 75.105, "eval_bleu_score": 9.533435341096821, "eval_meteor_score": 0.30909191115918927, "eval_rouge_score": 0.4477733597220822, "eval_exact_match": 0.0, "eval_emb_cos_sim": 0.9583567380905151, "eval_runtime": 52990.1784, "eval_samples_per_second": 0.004, "eval_steps_per_second": 0.004, "_eval_args": {"alias": "openai_msmarco__msl128__100epoch__correct", "num_samples": 200, "return_best_hypothesis": 1, "num_gen_recursive_steps": 50, "sequence_beam_width": 8, "beam_width": 1, "dataset": "scifact"}}