{"eval_loss": 1.9805803298950195, "eval_accuracy": 0.7475, "eval_pred_num_tokens": 75.8046875, "eval_true_num_tokens": 72.0703125, "eval_token_set_precision": 0.43926219660564203, "eval_token_set_recall": 0.5225681067898139, "eval_token_set_f1": 0.4718306021605157, "eval_n_ngrams_match_1": 27.8, "eval_n_ngrams_match_2": 10.365, "eval_n_ngrams_match_3": 5.095, "eval_num_true_words": 57.83, "eval_num_pred_words": 60.54, "eval_bleu_score": 13.93161653000855, "eval_rouge_score": 0.4741586487253741, "eval_exact_match": 0.0, "eval_emb_cos_sim": 0.8526920080184937, "eval_perplexity": 7.246947385288789, "eval_runtime": 220.6826, "eval_samples_per_second": 0.906, "eval_steps_per_second": 0.906, "_eval_args": {"alias": "gtr_msmarco__msl128__100epoch", "num_samples": 200, "return_best_hypothesis": 1, "num_gen_recursive_steps": 50, "sequence_beam_width": 8, "beam_width": 1, "dataset": "msmarco"}}