{"eval_loss": 3.19443941116333, "eval_accuracy": 0.4038671875, "eval_pred_num_tokens": 126.4453125, "eval_true_num_tokens": 128.0, "eval_token_set_precision": 0.23355225735418483, "eval_token_set_recall": 0.427772895861914, "eval_token_set_f1": 0.29664286953885527, "eval_n_ngrams_match_1": 31.725, "eval_n_ngrams_match_2": 6.215, "eval_n_ngrams_match_3": 1.545, "eval_num_true_words": 103.115, "eval_num_pred_words": 88.295, "eval_bleu_score": 3.7969164441295153, "eval_rouge_score": 0.32765101651830036, "eval_exact_match": 0.0, "eval_emb_cos_sim": 0.7723914980888367, "eval_perplexity": 24.3964934562741, "eval_runtime": 303.6426, "eval_samples_per_second": 0.659, "eval_steps_per_second": 0.659, "_eval_args": {"alias": "gtr_msmarco__msl128__100epoch", "num_samples": 200, "return_best_hypothesis": 1, "num_gen_recursive_steps": 50, "sequence_beam_width": 8, "beam_width": 1, "dataset": "trec-news"}}