{"eval_loss": 2.572667121887207, "eval_pred_num_tokens": 125.50505065917969, "eval_true_num_tokens": 128.0, "eval_token_set_precision": 0.4646265387585055, "eval_token_set_recall": 0.5802693681764584, "eval_token_set_f1": 0.5126055025725241, "eval_token_set_f1_sem": 0.00997403868778026, "eval_n_ngrams_match_1": 53.03030303030303, "eval_n_ngrams_match_2": 19.11111111111111, "eval_n_ngrams_match_3": 8.767676767676768, "eval_num_true_words": 104.12121212121212, "eval_num_pred_words": 93.28282828282828, "eval_bleu_score": 13.880029296073117, "eval_bleu_score_sem": 0.7895416894552199, "eval_rouge_score": 0.5644022237181309, "eval_exact_match": 0.0, "eval_exact_match_sem": 0.0, "eval_emb_cos_sim": 0.9717389345169067, "eval_emb_cos_sim_sem": 0.001820875624115121, "eval_runtime": 17013.4889, "eval_samples_per_second": 0.006, "eval_steps_per_second": 0.006, "_eval_args": {"alias": "openai_msmarco__msl128__200epoch__correct", "num_samples": 99, "return_best_hypothesis": 1, "num_gen_recursive_steps": 50, "sequence_beam_width": 8, "beam_width": 1, "dataset": "trec-news"}}