{"eval_loss": 1.8290846347808838, "eval_pred_num_tokens": 94.46464538574219, "eval_true_num_tokens": 94.71717071533203, "eval_token_set_precision": 0.7012134559705928, "eval_token_set_recall": 0.770125468802581, "eval_token_set_f1": 0.7319995532640039, "eval_token_set_f1_sem": 0.017612695678609156, "eval_n_ngrams_match_1": 52.94949494949495, "eval_n_ngrams_match_2": 29.464646464646464, "eval_n_ngrams_match_3": 19.575757575757574, "eval_num_true_words": 78.32323232323232, "eval_num_pred_words": 75.17171717171718, "eval_bleu_score": 39.38112310439468, "eval_bleu_score_sem": 2.8099378256189307, "eval_rouge_score": 0.7361524216171216, "eval_exact_match": 0.08080808080808081, "eval_exact_match_sem": 0.027530712883605937, "eval_emb_cos_sim": 0.9872074127197266, "eval_emb_cos_sim_sem": 0.0012454187411684566, "eval_runtime": 14650.6448, "eval_samples_per_second": 0.007, "eval_steps_per_second": 0.007, "_eval_args": {"alias": "openai_msmarco__msl128__200epoch__correct", "num_samples": 99, "return_best_hypothesis": 1, "num_gen_recursive_steps": 50, "sequence_beam_width": 8, "beam_width": 1, "dataset": "nq"}}