{"eval_loss": 1.633710503578186, "eval_accuracy": 0.8604651162790697, "eval_pred_num_tokens": 19.2421875, "eval_true_num_tokens": 15.53125, "eval_token_set_precision": 0.5928326363950742, "eval_token_set_recall": 0.529795058621339, "eval_token_set_f1": 0.5522679376590484, "eval_n_ngrams_match_1": 7.235, "eval_n_ngrams_match_2": 3.255, "eval_n_ngrams_match_3": 1.62, "eval_num_true_words": 12.705, "eval_num_pred_words": 15.64, "eval_bleu_score": 16.730414429029633, "eval_rouge_score": 0.5725096449246254, "eval_exact_match": 0.02, "eval_emb_cos_sim": 0.8290600180625916, "eval_perplexity": 5.122847842095663, "eval_runtime": 69.1603, "eval_samples_per_second": 2.892, "eval_steps_per_second": 2.892, "_eval_args": {"alias": "gtr_msmarco__msl128__100epoch", "num_samples": 200, "return_best_hypothesis": 1, "num_gen_recursive_steps": 50, "sequence_beam_width": 8, "beam_width": 1, "dataset": "quora"}}