{"eval_loss": 2.960407018661499, "eval_accuracy": 0.5068359375, "eval_pred_num_tokens": 106.5390625, "eval_true_num_tokens": 103.984375, "eval_token_set_precision": 0.2955878410459652, "eval_token_set_recall": 0.4899629241875663, "eval_token_set_f1": 0.3608484041355387, "eval_n_ngrams_match_1": 31.58, "eval_n_ngrams_match_2": 7.68, "eval_n_ngrams_match_3": 2.24, "eval_num_true_words": 89.065, "eval_num_pred_words": 83.595, "eval_bleu_score": 4.999269153982684, "eval_rouge_score": 0.36139450795103006, "eval_exact_match": 0.0, "eval_emb_cos_sim": 0.7969839572906494, "eval_perplexity": 19.305827988844662, "eval_runtime": 215.11, "eval_samples_per_second": 0.93, "eval_steps_per_second": 0.93, "_eval_args": {"alias": "gtr_msmarco__msl128__100epoch", "num_samples": 200, "return_best_hypothesis": 1, "num_gen_recursive_steps": 50, "sequence_beam_width": 8, "beam_width": 1, "dataset": "fiqa"}}