{"eval_loss": 2.4445619583129883, "eval_pred_num_tokens": 125.09091186523438, "eval_true_num_tokens": 127.33333587646484, "eval_token_set_precision": 0.4981482108189314, "eval_token_set_recall": 0.6079436301237947, "eval_token_set_f1": 0.5455470089751672, "eval_token_set_f1_sem": 0.008970780295999094, "eval_n_ngrams_match_1": 50.74747474747475, "eval_n_ngrams_match_2": 18.494949494949495, "eval_n_ngrams_match_3": 8.252525252525253, "eval_num_true_words": 93.86868686868686, "eval_num_pred_words": 88.05050505050505, "eval_bleu_score": 14.053297087727458, "eval_bleu_score_sem": 0.784517758876357, "eval_rouge_score": 0.5729937837246524, "eval_exact_match": 0.0, "eval_exact_match_sem": 0.0, "eval_emb_cos_sim": 0.9756370782852173, "eval_emb_cos_sim_sem": 0.0012893861458470796, "eval_runtime": 14929.2945, "eval_samples_per_second": 0.007, "eval_steps_per_second": 0.007, "_eval_args": {"alias": "openai_msmarco__msl128__200epoch__correct", "num_samples": 99, "return_best_hypothesis": 1, "num_gen_recursive_steps": 50, "sequence_beam_width": 8, "beam_width": 1, "dataset": "robust04"}}