{"eval_loss": 2.6547768115997314, "eval_accuracy": 0.5388257575757576, "eval_pred_num_tokens": 106.02020263671875, "eval_true_num_tokens": 103.75757598876953, "eval_token_set_precision": 0.38467377719930934, "eval_token_set_recall": 0.5448428769333188, "eval_token_set_f1": 0.44059844187791647, "eval_token_set_f1_sem": 0.01227468604595149, "eval_n_ngrams_match_1": 35.72727272727273, "eval_n_ngrams_match_2": 9.747474747474747, "eval_n_ngrams_match_3": 3.303030303030303, "eval_num_true_words": 86.76767676767676, "eval_num_pred_words": 80.95959595959596, "eval_bleu_score": 6.630401495505428, "eval_bleu_score_sem": 0.5833830733998563, "eval_rouge_score": 0.4288182065756003, "eval_exact_match": 0.0, "eval_exact_match_sem": 0.0, "eval_emb_cos_sim": 0.9195541143417358, "eval_emb_cos_sim_sem": 0.0037400949121845577, "eval_perplexity": 14.221811561716793, "eval_runtime": 105.1487, "eval_samples_per_second": 0.942, "eval_steps_per_second": 0.942, "_eval_args": {"alias": "openai_msmarco__msl128__100epoch", "num_samples": 99, "return_best_hypothesis": 1, "num_gen_recursive_steps": 50, "sequence_beam_width": 8, "beam_width": 1, "dataset": "fiqa"}}