{"eval_loss": 2.9998180866241455, "eval_accuracy": 0.465703125, "eval_pred_num_tokens": 114.6171875, "eval_true_num_tokens": 114.0234375, "eval_token_set_precision": 0.2936600290810335, "eval_token_set_recall": 0.4754886989375056, "eval_token_set_f1": 0.3571462581631744, "eval_n_ngrams_match_1": 36.335, "eval_n_ngrams_match_2": 7.815, "eval_n_ngrams_match_3": 2.105, "eval_num_true_words": 100.17, "eval_num_pred_words": 95.345, "eval_bleu_score": 4.4571150728616775, "eval_rouge_score": 0.37701074552044944, "eval_exact_match": 0.0, "eval_emb_cos_sim": 0.8219882249832153, "eval_perplexity": 20.081883427680047, "eval_runtime": 365.2296, "eval_samples_per_second": 0.548, "eval_steps_per_second": 0.548, "_eval_args": {"alias": "gtr_msmarco__msl128__100epoch", "num_samples": 200, "return_best_hypothesis": 1, "num_gen_recursive_steps": 50, "sequence_beam_width": 8, "beam_width": 1, "dataset": "arguana"}}