{"eval_loss": 2.002305507659912, "eval_pred_num_tokens": 92.21875, "eval_true_num_tokens": 93.1328125, "eval_token_set_precision": 0.5872766135171895, "eval_token_set_recall": 0.6914076836824368, "eval_token_set_f1": 0.6257478976416536, "eval_n_ngrams_match_1": 36.816, "eval_n_ngrams_match_2": 18.9, "eval_n_ngrams_match_3": 11.818, "eval_num_true_words": 63.91, "eval_num_pred_words": 57.172, "eval_bleu_score": 26.16232784997652, "eval_meteor_score": 0.49990320607911626, "eval_rouge_score": 0.6111220289521759, "eval_exact_match": 0.034, "eval_emb_cos_sim": 0.9797738790512085, "eval_runtime": 58998.5942, "eval_samples_per_second": 0.008, "eval_steps_per_second": 0.004, "_eval_args": {"alias": "openai_msmarco__msl128__100epoch__correct", "num_samples": 500, "return_best_hypothesis": 1, "num_gen_recursive_steps": 50, "sequence_beam_width": 8, "beam_width": 1, "dataset": "dbpedia-entity"}}