{"eval_loss": 1.9765636920928955, "eval_pred_num_tokens": 78.640625, "eval_true_num_tokens": 80.859375, "eval_token_set_precision": 0.5843077532375226, "eval_token_set_recall": 0.6284874296343587, "eval_token_set_f1": 0.6027500701471922, "eval_bleu_score": 20.22337420208915, "eval_meteor_score": 0.4701155453758166, "eval_rouge_score": 0.5973075350733681, "eval_exact_match": 0.008, "eval_emb_cos_sim": 0.9634096622467041, "eval_runtime": 3389.0826, "eval_samples_per_second": 0.148, "eval_steps_per_second": 0.009, "_eval_args": {"alias": "openai_msmarco__msl128__100epoch__correct_cheat", "num_samples": 500, "return_best_hypothesis": 1, "num_gen_recursive_steps": 50, "sequence_beam_width": 1, "beam_width": 1}}