{"eval_loss": 2.8783416748046875, "eval_accuracy": 0.5178125, "eval_pred_num_tokens": 108.9453125, "eval_true_num_tokens": 106.3125, "eval_token_set_precision": 0.27729943736118196, "eval_token_set_recall": 0.4903887727944733, "eval_token_set_f1": 0.3396159726353781, "eval_n_ngrams_match_1": 23.875, "eval_n_ngrams_match_2": 6.065, "eval_n_ngrams_match_3": 1.93, "eval_num_true_words": 75.9, "eval_num_pred_words": 70.9, "eval_bleu_score": 4.562502984081624, "eval_rouge_score": 0.3341030318648636, "eval_exact_match": 0.0, "eval_emb_cos_sim": 0.7406632900238037, "eval_perplexity": 17.784755803031413, "eval_runtime": 247.1274, "eval_samples_per_second": 0.809, "eval_steps_per_second": 0.809, "_eval_args": {"alias": "gtr_msmarco__msl128__100epoch", "num_samples": 200, "return_best_hypothesis": 1, "num_gen_recursive_steps": 50, "sequence_beam_width": 8, "beam_width": 1, "dataset": "cqadupstack"}}