{"eval_loss": 1.6942476034164429, "eval_pred_num_tokens": 81.0, "eval_true_num_tokens": 80.859375, "eval_token_set_precision": 0.6120340139194322, "eval_token_set_recall": 0.6950338824064698, "eval_token_set_f1": 0.6462236733759902, "eval_bleu_score": 25.976951138004612, "eval_meteor_score": 0.5211610999619313, "eval_rouge_score": 0.6317300369654459, "eval_exact_match": 0.008, "eval_emb_cos_sim": 0.9664745926856995, "eval_runtime": 6947.3101, "eval_samples_per_second": 0.072, "eval_steps_per_second": 0.036, "_eval_args": {"alias": "openai_msmarco__msl128__100epoch__correct", "num_samples": 500, "return_best_hypothesis": 0, "num_gen_recursive_steps": 10, "sequence_beam_width": 1, "beam_width": 8}}