{"eval_loss": 2.5195584297180176, "eval_accuracy": 0.48445391414141414, "eval_pred_num_tokens": 124.54545593261719, "eval_true_num_tokens": 125.44444274902344, "eval_token_set_precision": 0.3022191723185835, "eval_token_set_recall": 0.46813965790896656, "eval_token_set_f1": 0.36315893356775764, "eval_token_set_f1_std": 0.08763322613785018, "eval_n_ngrams_match_1": 32.08080808080808, "eval_n_ngrams_match_2": 7.444444444444445, "eval_n_ngrams_match_3": 2.282828282828283, "eval_num_true_words": 88.43434343434343, "eval_num_pred_words": 79.71717171717172, "eval_bleu_score": 5.559932447445892, "eval_bleu_score_std": 5.514861477648927, "eval_rouge_score": 0.3683035820943973, "eval_exact_match": 0.0, "eval_exact_match_std": 0.0, "eval_emb_cos_sim": 0.9196096062660217, "eval_emb_cos_sim_std": 0.02607591077685356, "eval_perplexity": 12.42310977615653, "eval_runtime": 131.7101, "eval_samples_per_second": 0.752, "eval_steps_per_second": 0.752, "_eval_args": {"alias": "openai_msmarco__msl128__100epoch", "num_samples": 99, "return_best_hypothesis": 1, "num_gen_recursive_steps": 50, "sequence_beam_width": 8, "beam_width": 1, "dataset": "trec-covid"}}