{"eval_pred_num_tokens": 74.9375, "eval_true_num_tokens": 17.8515625, "eval_token_set_precision": 0.4075709101850649, "eval_token_set_recall": 0.12375238446067899, "eval_token_set_f1": 0.16276917968980606, "eval_token_set_f1_sem": 0.0069675412450742776, "eval_n_ngrams_match_1": 5.595, "eval_n_ngrams_match_2": 1.94, "eval_n_ngrams_match_3": 1.16, "eval_num_true_words": 14.825, "eval_num_pred_words": 68.025, "eval_bleu_score": 2.770458824481303, "eval_bleu_score_sem": 0.2709657426863176, "eval_exact_match": 0.0, "eval_exact_match_sem": 0.0, "eval_ada_emb_cos_sim_mean": 0.8087956309318542, "eval_ada_emb_cos_sim_sem": 0.003666548490883625, "eval_emb_cos_sim": 0.9955451488494873, "eval_emb_cos_sim_sem": 0.0005104974464153781, "eval_emb_top1_equal": 0.15625, "eval_emb_top1_equal_sem": 0.06521328132858782, "eval_runtime": 54.2509, "eval_samples_per_second": 3.687, "eval_steps_per_second": 0.129, "_eval_args": {"alias": "jailbreak", "prompt": "12_copycat", "max_seq_length": 64, "num_samples": 200, "embedder_model_name": "meta-llama/Llama-2-7b-chat-hf", "dataset": "anthropic_toxic_prompts", "gpt_version": "gpt-3.5-turbo-0613", "take_first_line": true}}