{"eval_pred_num_tokens": 65.6796875, "eval_true_num_tokens": 23.359375, "eval_token_set_precision": 0.5915421286347755, "eval_token_set_recall": 0.2171452593818409, "eval_token_set_f1": 0.30323045716129365, "eval_token_set_f1_sem": 0.008939436200608336, "eval_n_ngrams_match_1": 10.03, "eval_n_ngrams_match_2": 5.575, "eval_n_ngrams_match_3": 4.33, "eval_num_true_words": 18.045, "eval_num_pred_words": 59.475, "eval_bleu_score": 9.19224143189134, "eval_bleu_score_sem": 0.5762082054668752, "eval_exact_match": 0.0, "eval_exact_match_sem": 0.0, "eval_ada_emb_cos_sim_mean": 0.793749988079071, "eval_ada_emb_cos_sim_sem": 0.005229050439776101, "eval_emb_cos_sim": 0.9958846569061279, "eval_emb_cos_sim_sem": 0.0005381295212209837, "eval_emb_top1_equal": 0.0625, "eval_emb_top1_equal_sem": 0.043475520007665865, "eval_runtime": 53.1273, "eval_samples_per_second": 3.765, "eval_steps_per_second": 0.132, "_eval_args": {"alias": "jailbreak", "prompt": "08_recall_dinosaur", "max_seq_length": 64, "num_samples": 200, "embedder_model_name": "meta-llama/Llama-2-7b-chat-hf", "dataset": "python_code_alpaca", "gpt_version": "gpt-3.5-turbo-0613", "take_first_line": true}}