{"eval_pred_num_tokens": 58.3671875, "eval_true_num_tokens": 17.8515625, "eval_token_set_precision": 0.5240208821871709, "eval_token_set_recall": 0.44895124971752604, "eval_token_set_f1": 0.4669549982946787, "eval_token_set_f1_sem": 0.0265726027399744, "eval_n_ngrams_match_1": 8.925, "eval_n_ngrams_match_2": 7.185, "eval_n_ngrams_match_3": 6.465, "eval_num_true_words": 14.825, "eval_num_pred_words": 49.885, "eval_bleu_score": 30.494045332488554, "eval_bleu_score_sem": 2.769721169521986, "eval_exact_match": 0.14, "eval_exact_match_sem": 0.024597258498217655, "eval_ada_emb_cos_sim_mean": 0.8669646978378296, "eval_ada_emb_cos_sim_sem": 0.007369910673434696, "eval_emb_cos_sim": 0.9944499135017395, "eval_emb_cos_sim_sem": 0.0005382482650275794, "eval_emb_top1_equal": 0.21875, "eval_emb_top1_equal_sem": 0.07424858573509562, "eval_runtime": 52.6489, "eval_samples_per_second": 3.799, "eval_steps_per_second": 0.133, "_eval_args": {"alias": "jailbreak", "prompt": "12_copycat", "max_seq_length": 64, "num_samples": 200, "embedder_model_name": "meta-llama/Llama-2-7b-hf", "dataset": "anthropic_toxic_prompts", "gpt_version": "gpt-3.5-turbo-0613", "take_first_line": true}}