{"eval_pred_num_tokens": 71.078125, "eval_true_num_tokens": 17.8515625, "eval_token_set_precision": 0.4156136045838519, "eval_token_set_recall": 0.12909086655983695, "eval_token_set_f1": 0.16952566236889116, "eval_token_set_f1_sem": 0.006904491874122922, "eval_n_ngrams_match_1": 5.625, "eval_n_ngrams_match_2": 1.915, "eval_n_ngrams_match_3": 1.095, "eval_num_true_words": 14.825, "eval_num_pred_words": 64.795, "eval_bleu_score": 2.7473558087569554, "eval_bleu_score_sem": 0.267998796578431, "eval_exact_match": 0.0, "eval_exact_match_sem": 0.0, "eval_ada_emb_cos_sim_mean": 0.822583794593811, "eval_ada_emb_cos_sim_sem": 0.003357509885191133, "eval_emb_cos_sim": 0.995509147644043, "eval_emb_cos_sim_sem": 0.0005319343872392315, "eval_emb_top1_equal": 0.28125, "eval_emb_top1_equal_sem": 0.08075219744018285, "eval_runtime": 51.4264, "eval_samples_per_second": 3.889, "eval_steps_per_second": 0.136, "_eval_args": {"alias": "jailbreak", "prompt": "02_ignore_simple", "max_seq_length": 64, "num_samples": 200, "embedder_model_name": "meta-llama/Llama-2-7b-chat-hf", "dataset": "anthropic_toxic_prompts", "gpt_version": "gpt-3.5-turbo-0613", "take_first_line": true}}