{"eval_loss": 1.0620254278182983, "eval_accuracy": 0.4025423728813559, "eval_pred_num_tokens": 27.75, "eval_true_num_tokens": 27.75, "eval_token_set_precision": 0.7811287976729153, "eval_token_set_recall": 0.7866071428571428, "eval_token_set_f1": 0.7829447751322751, "eval_token_set_f1_sem": 0.04614208138049951, "eval_n_ngrams_match_1": 17.75, "eval_n_ngrams_match_2": 13.0, "eval_n_ngrams_match_3": 9.5, "eval_num_true_words": 23.25, "eval_num_pred_words": 22.25, "eval_bleu_score": 50.89729332668835, "eval_bleu_score_sem": 8.223948534455529, "eval_rouge_score": 0.7479358277591973, "eval_exact_match": 0.0, "eval_exact_match_sem": 0.0, "eval_ada_emb_cos_sim_mean": 0.9314085245132446, "eval_ada_emb_cos_sim_sem": 0.01788398250937462, "eval_emb_cos_sim": 0.9986873269081116, "eval_emb_cos_sim_sem": 0.0011115428060293198, "eval_emb_top1_equal": 1.0, "eval_emb_top1_equal_sem": 0.0, "eval_perplexity": 2.8922230498260717, "eval_runtime": 118.9105, "eval_samples_per_second": 0.034, "eval_steps_per_second": 0.008, "_eval_args": {"alias": "jxm/t5-base__llama-7b__one-million-paired-instructions", "dataset": "one_million_instructions", "num_samples": 4, "embedder_model_name": "meta-llama/Llama-2-7b-hf"}}