{"eval_pred_num_tokens": 71.046875, "eval_true_num_tokens": 23.359375, "eval_token_set_precision": 0.3314372611082688, "eval_token_set_recall": 0.11688310891601449, "eval_token_set_f1": 0.1603402008661474, "eval_token_set_f1_sem": 0.006714733228398784, "eval_n_ngrams_match_1": 5.89, "eval_n_ngrams_match_2": 1.13, "eval_n_ngrams_match_3": 0.865, "eval_num_true_words": 18.045, "eval_num_pred_words": 66.93, "eval_bleu_score": 2.1968683294652034, "eval_bleu_score_sem": 0.32898830060298484, "eval_exact_match": 0.0, "eval_exact_match_sem": 0.0, "eval_ada_emb_cos_sim_mean": 0.7027928233146667, "eval_ada_emb_cos_sim_sem": 0.0040673895180779246, "eval_emb_cos_sim": 0.9931782484054565, "eval_emb_cos_sim_sem": 0.00048325712327395865, "eval_emb_top1_equal": 0.0625, "eval_emb_top1_equal_sem": 0.043475520007665865, "eval_runtime": 51.767, "eval_samples_per_second": 3.863, "eval_steps_per_second": 0.135, "_eval_args": {"alias": "jailbreak", "prompt": "05_ignore_fewshot", "max_seq_length": 64, "num_samples": 200, "embedder_model_name": "meta-llama/Llama-2-7b-chat-hf", "dataset": "python_code_alpaca", "gpt_version": "gpt-3.5-turbo-0613", "take_first_line": true}}