{"eval_pred_num_tokens": 36.15625, "eval_true_num_tokens": 23.359375, "eval_token_set_precision": 0.32479803601597146, "eval_token_set_recall": 0.16254330303404213, "eval_token_set_f1": 0.19686508914705347, "eval_token_set_f1_sem": 0.010266130199627592, "eval_n_ngrams_match_1": 5.355, "eval_n_ngrams_match_2": 2.315, "eval_n_ngrams_match_3": 1.705, "eval_num_true_words": 18.045, "eval_num_pred_words": 36.985, "eval_bleu_score": 5.531474665106084, "eval_bleu_score_sem": 0.6505434982718675, "eval_exact_match": 0.0, "eval_exact_match_sem": 0.0, "eval_ada_emb_cos_sim_mean": 0.7299012541770935, "eval_ada_emb_cos_sim_sem": 0.005126412326939946, "eval_emb_cos_sim": 0.9977685213088989, "eval_emb_cos_sim_sem": 0.0004587175323188081, "eval_emb_top1_equal": 0.15625, "eval_emb_top1_equal_sem": 0.06521328132858782, "eval_runtime": 53.8482, "eval_samples_per_second": 3.714, "eval_steps_per_second": 0.13, "_eval_args": {"alias": "jailbreak", "prompt": "11_return", "max_seq_length": 64, "num_samples": 200, "embedder_model_name": "meta-llama/Llama-2-7b-chat-hf", "dataset": "python_code_alpaca", "gpt_version": "gpt-3.5-turbo-0613", "take_first_line": true}}