{"eval_pred_num_tokens": 13.359375, "eval_true_num_tokens": 30.0546875, "eval_token_set_precision": 0.15058736534751058, "eval_token_set_recall": 0.29621406044935467, "eval_token_set_f1": 0.1861981241798877, "eval_token_set_f1_sem": 0.008976776108683823, "eval_n_ngrams_match_1": 2.765, "eval_n_ngrams_match_2": 0.395, "eval_n_ngrams_match_3": 0.155, "eval_num_true_words": 24.215, "eval_num_pred_words": 11.02, "eval_bleu_score": 2.731583448259761, "eval_bleu_score_sem": 0.29079219886253277, "eval_exact_match": 0.0, "eval_exact_match_sem": 0.0, "eval_ada_emb_cos_sim_mean": 0.7533354163169861, "eval_ada_emb_cos_sim_sem": 0.0030959257333260724, "eval_emb_cos_sim": 0.9960281848907471, "eval_emb_cos_sim_sem": 0.0006259293503623035, "eval_emb_top1_equal": 0.25, "eval_emb_top1_equal_sem": 0.07777137738431805, "eval_runtime": 2626.6063, "eval_samples_per_second": 0.076, "eval_steps_per_second": 0.003, "_eval_args": {"alias": "fewshot", "prompt": "00_output_simple", "max_seq_length": 64, "num_samples": 200, "embedder_model_name": "meta-llama/Llama-2-7b-hf", "dataset": "one_million_instructions", "gpt_version": "gpt-3.5-turbo-0613", "take_first_line": false}}