{"eval_pred_num_tokens": 56.015625, "eval_true_num_tokens": 17.8515625, "eval_token_set_precision": 0.6999202445439608, "eval_token_set_recall": 0.5286901787627427, "eval_token_set_f1": 0.573000279503782, "eval_token_set_f1_sem": 0.026037040714692372, "eval_n_ngrams_match_1": 11.015, "eval_n_ngrams_match_2": 9.435, "eval_n_ngrams_match_3": 8.595, "eval_num_true_words": 14.825, "eval_num_pred_words": 49.22, "eval_bleu_score": 38.27490732224698, "eval_bleu_score_sem": 2.804541402017573, "eval_exact_match": 0.14, "eval_exact_match_sem": 0.024597258498217655, "eval_ada_emb_cos_sim_mean": 0.8388404846191406, "eval_ada_emb_cos_sim_sem": 0.0074338063494484245, "eval_emb_cos_sim": 0.9975305795669556, "eval_emb_cos_sim_sem": 0.002191968495026231, "eval_emb_top1_equal": 0.75, "eval_emb_top1_equal_sem": 0.25, "eval_runtime": 319.8478, "eval_samples_per_second": 0.625, "eval_steps_per_second": 0.156, "_eval_args": {"alias": "jailbreak", "prompt": "12_copycat", "max_seq_length": 64, "num_samples": 200, "embedder_model_name": "meta-llama/Llama-2-13b-hf", "dataset": "anthropic_toxic_prompts", "gpt_version": "gpt-3.5-turbo-0613", "take_first_line": true}}