{"eval_pred_num_tokens": 36.2890625, "eval_true_num_tokens": 17.8515625, "eval_token_set_precision": 0.4497194492055668, "eval_token_set_recall": 0.3653251017796436, "eval_token_set_f1": 0.38233677172367364, "eval_token_set_f1_sem": 0.02141384747914042, "eval_n_ngrams_match_1": 6.985, "eval_n_ngrams_match_2": 4.995, "eval_n_ngrams_match_3": 4.24, "eval_num_true_words": 14.825, "eval_num_pred_words": 29.905, "eval_bleu_score": 20.37019517973941, "eval_bleu_score_sem": 1.9785406609639216, "eval_exact_match": 0.045, "eval_exact_match_sem": 0.014695399751940973, "eval_ada_emb_cos_sim_mean": 0.8555676341056824, "eval_ada_emb_cos_sim_sem": 0.006435689951369497, "eval_emb_cos_sim": 0.9958086013793945, "eval_emb_cos_sim_sem": 0.0004295799012908587, "eval_emb_top1_equal": 0.40625, "eval_emb_top1_equal_sem": 0.08820996638035214, "eval_runtime": 52.2071, "eval_samples_per_second": 3.831, "eval_steps_per_second": 0.134, "_eval_args": {"alias": "jailbreak", "prompt": "03_ignore_colon", "max_seq_length": 64, "num_samples": 200, "embedder_model_name": "meta-llama/Llama-2-7b-hf", "dataset": "anthropic_toxic_prompts", "gpt_version": "gpt-3.5-turbo-0613", "take_first_line": true}}