{"eval_pred_num_tokens": 70.0703125, "eval_true_num_tokens": 17.8515625, "eval_token_set_precision": 0.40343797680558535, "eval_token_set_recall": 0.12637568956095216, "eval_token_set_f1": 0.16523047531208218, "eval_token_set_f1_sem": 0.0065550333048138565, "eval_n_ngrams_match_1": 5.48, "eval_n_ngrams_match_2": 1.665, "eval_n_ngrams_match_3": 0.89, "eval_num_true_words": 14.825, "eval_num_pred_words": 64.695, "eval_bleu_score": 2.4039815988403954, "eval_bleu_score_sem": 0.2326418985025185, "eval_exact_match": 0.0, "eval_exact_match_sem": 0.0, "eval_ada_emb_cos_sim_mean": 0.8100236654281616, "eval_ada_emb_cos_sim_sem": 0.003805963943730386, "eval_emb_cos_sim": 0.9954854249954224, "eval_emb_cos_sim_sem": 0.0006469924437007816, "eval_emb_top1_equal": 0.15625, "eval_emb_top1_equal_sem": 0.06521328132858782, "eval_runtime": 54.5713, "eval_samples_per_second": 3.665, "eval_steps_per_second": 0.128, "_eval_args": {"alias": "jailbreak", "prompt": "06_please_tellme", "max_seq_length": 64, "num_samples": 200, "embedder_model_name": "meta-llama/Llama-2-7b-chat-hf", "dataset": "anthropic_toxic_prompts", "gpt_version": "gpt-3.5-turbo-0613", "take_first_line": true}}