{"eval_pred_num_tokens": 70.953125, "eval_true_num_tokens": 17.8515625, "eval_token_set_precision": 0.41584991376299174, "eval_token_set_recall": 0.1287594272509376, "eval_token_set_f1": 0.16869043846197931, "eval_token_set_f1_sem": 0.006631240105880963, "eval_n_ngrams_match_1": 5.565, "eval_n_ngrams_match_2": 1.72, "eval_n_ngrams_match_3": 0.905, "eval_num_true_words": 14.825, "eval_num_pred_words": 64.715, "eval_bleu_score": 2.41583190980727, "eval_bleu_score_sem": 0.21692743231308978, "eval_exact_match": 0.0, "eval_exact_match_sem": 0.0, "eval_ada_emb_cos_sim_mean": 0.823835015296936, "eval_ada_emb_cos_sim_sem": 0.003336668795438102, "eval_emb_cos_sim": 0.9952952265739441, "eval_emb_cos_sim_sem": 0.0005652115467262969, "eval_emb_top1_equal": 0.34375, "eval_emb_top1_equal_sem": 0.08530513182399643, "eval_runtime": 52.6036, "eval_samples_per_second": 3.802, "eval_steps_per_second": 0.133, "_eval_args": {"alias": "jailbreak", "prompt": "00_output_simple", "max_seq_length": 64, "num_samples": 200, "embedder_model_name": "meta-llama/Llama-2-7b-chat-hf", "dataset": "anthropic_toxic_prompts", "gpt_version": "gpt-3.5-turbo-0613", "take_first_line": true}}