{"eval_pred_num_tokens": 22.828125, "eval_true_num_tokens": 23.359375, "eval_token_set_precision": 0.5317765816158821, "eval_token_set_recall": 0.4864813160897657, "eval_token_set_f1": 0.4874816167816743, "eval_token_set_f1_sem": 0.018932908629175328, "eval_n_ngrams_match_1": 9.355, "eval_n_ngrams_match_2": 6.605, "eval_n_ngrams_match_3": 5.73, "eval_num_true_words": 18.045, "eval_num_pred_words": 18.775, "eval_bleu_score": 26.032366026486397, "eval_bleu_score_sem": 2.0552076720397396, "eval_exact_match": 0.015, "eval_exact_match_sem": 0.008616625276509296, "eval_ada_emb_cos_sim_mean": 0.8027806878089905, "eval_ada_emb_cos_sim_sem": 0.006990827693366343, "eval_emb_cos_sim": 0.99895179271698, "eval_emb_cos_sim_sem": 0.0002901203630051916, "eval_emb_top1_equal": 0.84375, "eval_emb_top1_equal_sem": 0.06521328132858782, "eval_runtime": 51.4944, "eval_samples_per_second": 3.884, "eval_steps_per_second": 0.136, "_eval_args": {"alias": "jailbreak", "prompt": "11_return", "max_seq_length": 64, "num_samples": 200, "embedder_model_name": "meta-llama/Llama-2-7b-hf", "dataset": "python_code_alpaca", "gpt_version": "gpt-3.5-turbo-0613", "take_first_line": true}}