{"eval_pred_num_tokens": 41.1953125, "eval_true_num_tokens": 17.8515625, "eval_token_set_precision": 0.4915423435655548, "eval_token_set_recall": 0.3544180231127254, "eval_token_set_f1": 0.3891654373205686, "eval_token_set_f1_sem": 0.023069860259927737, "eval_n_ngrams_match_1": 7.785, "eval_n_ngrams_match_2": 5.94, "eval_n_ngrams_match_3": 5.245, "eval_num_true_words": 14.825, "eval_num_pred_words": 41.015, "eval_bleu_score": 22.10347959946665, "eval_bleu_score_sem": 2.1857047783223593, "eval_exact_match": 0.045, "eval_exact_match_sem": 0.014695399751940973, "eval_ada_emb_cos_sim_mean": 0.8497092723846436, "eval_ada_emb_cos_sim_sem": 0.006625338652449572, "eval_emb_cos_sim": 0.9956631660461426, "eval_emb_cos_sim_sem": 0.000410494869859202, "eval_emb_top1_equal": 0.40625, "eval_emb_top1_equal_sem": 0.08820996638035214, "eval_runtime": 53.6838, "eval_samples_per_second": 3.726, "eval_steps_per_second": 0.13, "_eval_args": {"alias": "jailbreak", "prompt": "11_return", "max_seq_length": 64, "num_samples": 200, "embedder_model_name": "meta-llama/Llama-2-7b-hf", "dataset": "anthropic_toxic_prompts", "gpt_version": "gpt-3.5-turbo-0613", "take_first_line": true}}