{"eval_loss": 1.0756847858428955, "eval_accuracy": 0.39078125, "eval_pred_num_tokens": 29.953125, "eval_true_num_tokens": 30.109375, "eval_token_set_precision": 0.6670568517779963, "eval_token_set_recall": 0.698711559824394, "eval_token_set_f1": 0.6790488014090467, "eval_token_set_f1_sem": 0.015675002546818015, "eval_n_ngrams_match_1": 14.325, "eval_n_ngrams_match_2": 9.785, "eval_n_ngrams_match_3": 7.68, "eval_num_true_words": 24.265, "eval_num_pred_words": 24.0, "eval_bleu_score": 46.81521344379411, "eval_bleu_score_sem": 2.1182499852285437, "eval_exact_match": 0.135, "eval_exact_match_sem": 0.024224141785131024, "eval_ada_emb_cos_sim_mean": 0.9061962366104126, "eval_ada_emb_cos_sim_sem": 0.004848832128975985, "eval_emb_cos_sim": 0.9991652965545654, "eval_emb_cos_sim_sem": 0.0003018311982521007, "eval_emb_top1_equal": 0.84375, "eval_emb_top1_equal_sem": 0.06521328132858782, "eval_perplexity": 2.932000005331814, "eval_runtime": 14.8951, "eval_samples_per_second": 13.427, "eval_steps_per_second": 0.47, "_eval_args": {"alias": "jxm/t5-base__llama-7b-chat__one-million-paired-instructions__60epoch", "dataset": "one_million_instructions", "num_samples": 200, "embedder_model_name": "meta-llama/Llama-2-7b-chat-hf"}}