{"eval_pred_num_tokens": 68.5546875, "eval_true_num_tokens": 17.8515625, "eval_token_set_precision": 0.42322145900344177, "eval_token_set_recall": 0.134467085744783, "eval_token_set_f1": 0.1772610488253749, "eval_token_set_f1_sem": 0.0066748131445356195, "eval_n_ngrams_match_1": 5.75, "eval_n_ngrams_match_2": 2.065, "eval_n_ngrams_match_3": 1.185, "eval_num_true_words": 14.825, "eval_num_pred_words": 62.48, "eval_bleu_score": 3.0102945285943896, "eval_bleu_score_sem": 0.2672156643829713, "eval_exact_match": 0.0, "eval_exact_match_sem": 0.0, "eval_ada_emb_cos_sim_mean": 0.8233961462974548, "eval_ada_emb_cos_sim_sem": 0.003679625077469736, "eval_emb_cos_sim": 0.9960020184516907, "eval_emb_cos_sim_sem": 0.0005217169045617526, "eval_emb_top1_equal": 0.34375, "eval_emb_top1_equal_sem": 0.08530513182399643, "eval_runtime": 52.5808, "eval_samples_per_second": 3.804, "eval_steps_per_second": 0.133, "_eval_args": {"alias": "jailbreak", "prompt": "09_memory", "max_seq_length": 64, "num_samples": 200, "embedder_model_name": "meta-llama/Llama-2-7b-chat-hf", "dataset": "anthropic_toxic_prompts", "gpt_version": "gpt-3.5-turbo-0613", "take_first_line": true}}