{"eval_loss": 1.716633915901184, "eval_accuracy": 0.4165625, "eval_pred_num_tokens": 38.8671875, "eval_true_num_tokens": 23.359375, "eval_token_set_precision": 0.5557083508431643, "eval_token_set_recall": 0.398486123701036, "eval_token_set_f1": 0.45364180278230504, "eval_token_set_f1_sem": 0.009655444506999743, "eval_n_ngrams_match_1": 9.85, "eval_n_ngrams_match_2": 4.005, "eval_n_ngrams_match_3": 1.865, "eval_num_true_words": 18.045, "eval_num_pred_words": 31.53, "eval_bleu_score": 10.316741584992938, "eval_bleu_score_sem": 0.6154818952938831, "eval_exact_match": 0.0, "eval_exact_match_sem": 0.0, "eval_ada_emb_cos_sim_mean": 0.8563584089279175, "eval_ada_emb_cos_sim_sem": 0.0039209942836999565, "eval_emb_cos_sim": 0.9974188804626465, "eval_emb_cos_sim_sem": 0.0004172502194220887, "eval_emb_top1_equal": 0.4375, "eval_emb_top1_equal_sem": 0.08909830077477232, "eval_perplexity": 5.56576207415617, "eval_runtime": 15.3439, "eval_samples_per_second": 13.034, "eval_steps_per_second": 0.456, "_eval_args": {"alias": "jxm/t5-base__llama-7b__one-million-paired-instructions", "dataset": "python_code_alpaca", "num_samples": 200, "embedder_name": "meta-llama/Llama-2-7b-hf"}}