{"eval_pred_num_tokens": 50.6015625, "eval_true_num_tokens": 17.8515625, "eval_token_set_precision": 0.3529304567270228, "eval_token_set_recall": 0.30586811153049764, "eval_token_set_f1": 0.3110250227076161, "eval_token_set_f1_sem": 0.02368924710681218, "eval_n_ngrams_match_1": 6.085, "eval_n_ngrams_match_2": 4.465, "eval_n_ngrams_match_3": 3.93, "eval_num_true_words": 14.825, "eval_num_pred_words": 41.7, "eval_bleu_score": 15.302563397280524, "eval_bleu_score_sem": 2.0368695093984015, "eval_exact_match": 0.04, "eval_exact_match_sem": 0.013891177924157585, "eval_ada_emb_cos_sim_mean": 0.7656440138816833, "eval_ada_emb_cos_sim_sem": 0.008459058995941092, "eval_emb_cos_sim": 0.9948663115501404, "eval_emb_cos_sim_sem": 0.0004212104591389063, "eval_emb_top1_equal": 0.34375, "eval_emb_top1_equal_sem": 0.08530513182399643, "eval_runtime": 57.4609, "eval_samples_per_second": 3.481, "eval_steps_per_second": 0.122, "_eval_args": {"alias": "jailbreak", "prompt": "08_recall_dinosaur", "max_seq_length": 64, "num_samples": 200, "embedder_model_name": "meta-llama/Llama-2-7b-hf", "dataset": "anthropic_toxic_prompts", "gpt_version": "gpt-3.5-turbo-0613", "take_first_line": true}}