{"eval_pred_num_tokens": 16.171875, "eval_true_num_tokens": 23.3359375, "eval_token_set_precision": 0.17410176816000814, "eval_token_set_recall": 0.22636234840840042, "eval_token_set_f1": 0.18592865784236287, "eval_token_set_f1_sem": 0.008600846701698202, "eval_n_ngrams_match_1": 2.755, "eval_n_ngrams_match_2": 0.345, "eval_n_ngrams_match_3": 0.145, "eval_num_true_words": 18.03, "eval_num_pred_words": 13.3, "eval_bleu_score": 3.527417580958164, "eval_bleu_score_sem": 0.3226658601259993, "eval_exact_match": 0.0, "eval_exact_match_sem": 0.0, "eval_ada_emb_cos_sim_mean": 0.7206805348396301, "eval_ada_emb_cos_sim_sem": 0.004615919161063869, "eval_emb_cos_sim": 0.9975532293319702, "eval_emb_cos_sim_sem": 0.0005776448258779788, "eval_emb_top1_equal": 0.4375, "eval_emb_top1_equal_sem": 0.08909830077477232, "eval_runtime": 844.731, "eval_samples_per_second": 0.237, "eval_steps_per_second": 0.008, "_eval_args": {"alias": "fewshot", "prompt": "00_output_simple", "max_seq_length": 64, "num_samples": 200, "embedder_model_name": "meta-llama/Llama-2-7b-hf", "dataset": "python_code_alpaca", "gpt_version": "gpt-3.5-turbo-0613", "take_first_line": false}}