{"eval_pred_num_tokens": 58.0078125, "eval_true_num_tokens": 23.359375, "eval_token_set_precision": 0.32065687050298325, "eval_token_set_recall": 0.1321356094484097, "eval_token_set_f1": 0.17526457622782526, "eval_token_set_f1_sem": 0.0061683487009630686, "eval_n_ngrams_match_1": 5.46, "eval_n_ngrams_match_2": 0.835, "eval_n_ngrams_match_3": 0.51, "eval_num_true_words": 18.045, "eval_num_pred_words": 55.845, "eval_bleu_score": 1.885829892725851, "eval_bleu_score_sem": 0.23252254801042216, "eval_exact_match": 0.0, "eval_exact_match_sem": 0.0, "eval_ada_emb_cos_sim_mean": 0.7008213996887207, "eval_ada_emb_cos_sim_sem": 0.004539025396969381, "eval_emb_cos_sim": 0.9946836233139038, "eval_emb_cos_sim_sem": 0.0005877045048277323, "eval_emb_top1_equal": 0.0625, "eval_emb_top1_equal_sem": 0.043475520007665865, "eval_runtime": 52.0657, "eval_samples_per_second": 3.841, "eval_steps_per_second": 0.134, "_eval_args": {"alias": "jailbreak", "prompt": "06_please_tellme", "max_seq_length": 64, "num_samples": 200, "embedder_model_name": "meta-llama/Llama-2-7b-chat-hf", "dataset": "python_code_alpaca", "gpt_version": "gpt-3.5-turbo-0613", "take_first_line": true}}