{"eval_pred_num_tokens": 13.90625, "eval_true_num_tokens": 30.109375, "eval_token_set_precision": 0.14936115663250835, "eval_token_set_recall": 0.26095780582164235, "eval_token_set_f1": 0.16283840954422726, "eval_token_set_f1_sem": 0.013549554547545783, "eval_n_ngrams_match_1": 3.315, "eval_n_ngrams_match_2": 1.53, "eval_n_ngrams_match_3": 1.105, "eval_num_true_words": 24.265, "eval_num_pred_words": 11.145, "eval_bleu_score": 5.251386456370943, "eval_bleu_score_sem": 0.9183169366309216, "eval_exact_match": 0.0, "eval_exact_match_sem": 0.0, "eval_ada_emb_cos_sim_mean": 0.7827286720275879, "eval_ada_emb_cos_sim_sem": 0.00476604096710361, "eval_emb_cos_sim": 0.9965572357177734, "eval_emb_cos_sim_sem": 0.0018590674735605717, "eval_emb_top1_equal": 0.5, "eval_emb_top1_equal_sem": 0.28867512941360474, "eval_runtime": 304.3227, "eval_samples_per_second": 0.657, "eval_steps_per_second": 0.164, "_eval_args": {"alias": "jailbreak", "prompt": "03_ignore_colon", "max_seq_length": 64, "num_samples": 200, "embedder_model_name": "meta-llama/Llama-2-13b-chat-hf", "dataset": "one_million_instructions", "gpt_version": "gpt-3.5-turbo-0613", "take_first_line": true}}