{"eval_loss": 2.4584572315216064, "eval_accuracy": 0.82359375, "eval_pred_num_tokens": 54.4296875, "eval_true_num_tokens": 23.359375, "eval_token_set_precision": 0.25344276640673913, "eval_token_set_recall": 0.15864792471533096, "eval_token_set_f1": 0.18896021120658527, "eval_token_set_f1_sem": 0.005697365768146639, "eval_n_ngrams_match_1": 4.39, "eval_n_ngrams_match_2": 0.555, "eval_n_ngrams_match_3": 0.145, "eval_num_true_words": 18.045, "eval_num_pred_words": 37.225, "eval_bleu_score": 1.8174404262331694, "eval_bleu_score_sem": 0.11641936100503018, "eval_exact_match": 0.0, "eval_exact_match_sem": 0.0, "eval_ada_emb_cos_sim_mean": 0.722541332244873, "eval_ada_emb_cos_sim_sem": 0.003141315254994273, "eval_emb_cos_sim": 0.9976061582565308, "eval_emb_cos_sim_sem": NaN, "eval_emb_top1_equal": 1.0, "eval_emb_top1_equal_sem": NaN, "eval_perplexity": 11.686767648044196, "eval_runtime": 140.2843, "eval_samples_per_second": 1.426, "eval_steps_per_second": 1.426, "_eval_args": {"alias": "jxm/t5-base__llama-7b-chat__one-million-paired-instructions__60epoch", "dataset": "python_code_alpaca", "num_samples": 200, "embedder_model_name": "meta-llama/Llama-2-13b-chat-hf"}}