{"eval_pred_num_tokens": 49.0859375, "eval_true_num_tokens": 23.359375, "eval_token_set_precision": 0.4558336324508213, "eval_token_set_recall": 0.22001494982207706, "eval_token_set_f1": 0.2825253118963694, "eval_token_set_f1_sem": 0.013006066842321284, "eval_n_ngrams_match_1": 7.65, "eval_n_ngrams_match_2": 3.575, "eval_n_ngrams_match_3": 2.74, "eval_num_true_words": 18.045, "eval_num_pred_words": 44.825, "eval_bleu_score": 9.813110872335322, "eval_bleu_score_sem": 0.9507247821172835, "eval_exact_match": 0.0, "eval_exact_match_sem": 0.0, "eval_ada_emb_cos_sim_mean": 0.7753918170928955, "eval_ada_emb_cos_sim_sem": 0.0065932880814994635, "eval_emb_cos_sim": 0.996528685092926, "eval_emb_cos_sim_sem": 0.0005326325267357568, "eval_emb_top1_equal": 0.125, "eval_emb_top1_equal_sem": 0.05939887069541892, "eval_runtime": 53.8641, "eval_samples_per_second": 3.713, "eval_steps_per_second": 0.13, "_eval_args": {"alias": "jailbreak", "prompt": "13_math_ignore", "max_seq_length": 64, "num_samples": 200, "embedder_model_name": "meta-llama/Llama-2-7b-chat-hf", "dataset": "python_code_alpaca", "gpt_version": "gpt-3.5-turbo-0613", "take_first_line": true}}