{"eval_loss": 1.0161148309707642, "eval_accuracy": 0.396484375, "eval_pred_num_tokens": 30.4921875, "eval_true_num_tokens": 30.109375, "eval_token_set_precision": 0.6982984944619167, "eval_token_set_recall": 0.7262370621582641, "eval_token_set_f1": 0.709055267033164, "eval_token_set_f1_sem": 0.01665805300759351, "eval_n_ngrams_match_1": 14.76, "eval_n_ngrams_match_2": 10.4, "eval_n_ngrams_match_3": 8.3, "eval_num_true_words": 24.265, "eval_num_pred_words": 24.115, "eval_bleu_score": 51.65744296351739, "eval_bleu_score_sem": 2.250164860617457, "eval_rouge_score": 0.6682502394128598, "eval_exact_match": 0.17, "eval_exact_match_sem": 0.026627903149340416, "eval_ada_emb_cos_sim_mean": 0.9160598516464233, "eval_ada_emb_cos_sim_sem": 0.005035002134547093, "eval_emb_cos_sim": 0.9988637566566467, "eval_emb_cos_sim_sem": 0.00035106522043984125, "eval_emb_top1_equal": 0.9375, "eval_emb_top1_equal_sem": 0.043475520007665865, "eval_perplexity": 2.762441336523429, "eval_runtime": 19.6599, "eval_samples_per_second": 10.173, "eval_steps_per_second": 0.356, "_eval_args": {"alias": "jxm/t5-base__llama-7b-chat__one-million-instructions", "dataset": "one_million_instructions", "num_samples": 200, "embedder_model_name": "meta-llama/Llama-2-7b-chat-hf"}}