{"eval_pred_num_tokens": 71.7578125, "eval_true_num_tokens": 17.8515625, "eval_token_set_precision": 0.4334987197041397, "eval_token_set_recall": 0.13223939466912335, "eval_token_set_f1": 0.1748049938100198, "eval_token_set_f1_sem": 0.006747035488334844, "eval_n_ngrams_match_1": 5.795, "eval_n_ngrams_match_2": 1.9, "eval_n_ngrams_match_3": 1.06, "eval_num_true_words": 14.825, "eval_num_pred_words": 64.87, "eval_bleu_score": 2.7322535373234262, "eval_bleu_score_sem": 0.25699574986481244, "eval_exact_match": 0.0, "eval_exact_match_sem": 0.0, "eval_ada_emb_cos_sim_mean": 0.8034554123878479, "eval_ada_emb_cos_sim_sem": 0.004150189109320001, "eval_emb_cos_sim": 0.9950977563858032, "eval_emb_cos_sim_sem": 0.0005809709695516726, "eval_emb_top1_equal": 0.375, "eval_emb_top1_equal_sem": 0.08695104001533173, "eval_runtime": 53.6193, "eval_samples_per_second": 3.73, "eval_steps_per_second": 0.131, "_eval_args": {"alias": "jailbreak", "prompt": "10_dashes", "max_seq_length": 64, "num_samples": 200, "embedder_model_name": "meta-llama/Llama-2-7b-chat-hf", "dataset": "anthropic_toxic_prompts", "gpt_version": "gpt-3.5-turbo-0613", "take_first_line": true}}