{"eval_pred_num_tokens": 59.234375, "eval_true_num_tokens": 23.359375, "eval_token_set_precision": 0.6814800788470385, "eval_token_set_recall": 0.27010767699802346, "eval_token_set_f1": 0.3679854340327373, "eval_token_set_f1_sem": 0.009487823233263115, "eval_n_ngrams_match_1": 11.42, "eval_n_ngrams_match_2": 7.535, "eval_n_ngrams_match_3": 5.97, "eval_num_true_words": 18.045, "eval_num_pred_words": 54.435, "eval_bleu_score": 14.186102500650236, "eval_bleu_score_sem": 0.8521016957867832, "eval_exact_match": 0.0, "eval_exact_match_sem": 0.0, "eval_ada_emb_cos_sim_mean": 0.8354755640029907, "eval_ada_emb_cos_sim_sem": 0.003965677582237796, "eval_emb_cos_sim": 0.9943223595619202, "eval_emb_cos_sim_sem": 0.0005975850185122828, "eval_emb_top1_equal": 0.09375, "eval_emb_top1_equal_sem": 0.05235145927741988, "eval_runtime": 55.5867, "eval_samples_per_second": 3.598, "eval_steps_per_second": 0.126, "_eval_args": {"alias": "jailbreak", "prompt": "10_dashes", "max_seq_length": 64, "num_samples": 200, "embedder_model_name": "meta-llama/Llama-2-7b-chat-hf", "dataset": "python_code_alpaca", "gpt_version": "gpt-3.5-turbo-0613", "take_first_line": true}}