{"eval_pred_num_tokens": 14.2265625, "eval_true_num_tokens": 30.109375, "eval_token_set_precision": 0.18312602858531132, "eval_token_set_recall": 0.29654819286984696, "eval_token_set_f1": 0.19569219526967466, "eval_token_set_f1_sem": 0.015187224103367222, "eval_n_ngrams_match_1": 3.9, "eval_n_ngrams_match_2": 1.955, "eval_n_ngrams_match_3": 1.465, "eval_num_true_words": 24.265, "eval_num_pred_words": 11.855, "eval_bleu_score": 7.212746651433618, "eval_bleu_score_sem": 1.1225488347353367, "eval_exact_match": 0.0, "eval_exact_match_sem": 0.0, "eval_ada_emb_cos_sim_mean": 0.7898643612861633, "eval_ada_emb_cos_sim_sem": 0.005143253680769293, "eval_emb_cos_sim": 0.9965972900390625, "eval_emb_cos_sim_sem": 0.0018582581542432308, "eval_emb_top1_equal": 0.5, "eval_emb_top1_equal_sem": 0.28867512941360474, "eval_runtime": 305.2388, "eval_samples_per_second": 0.655, "eval_steps_per_second": 0.164, "_eval_args": {"alias": "jailbreak", "prompt": "06_please_tellme", "max_seq_length": 64, "num_samples": 200, "embedder_model_name": "meta-llama/Llama-2-13b-chat-hf", "dataset": "one_million_instructions", "gpt_version": "gpt-3.5-turbo-0613", "take_first_line": true}}