{"eval_pred_num_tokens": 113.28125, "eval_true_num_tokens": 17.8515625, "eval_token_set_precision": 0.4692171121982219, "eval_token_set_recall": 0.08920890373561738, "eval_token_set_f1": 0.14448664926748836, "eval_token_set_f1_sem": 0.0053226354255536835, "eval_n_ngrams_match_1": 6.995, "eval_n_ngrams_match_2": 2.075, "eval_n_ngrams_match_3": 1.02, "eval_num_true_words": 14.825, "eval_num_pred_words": 104.845, "eval_bleu_score": 1.6434679005961015, "eval_bleu_score_sem": 0.12560459381858144, "eval_exact_match": 0.0, "eval_exact_match_sem": 0.0, "eval_ada_emb_cos_sim_mean": 0.8297110199928284, "eval_ada_emb_cos_sim_sem": 0.003251849843316747, "eval_emb_cos_sim": 0.9908608794212341, "eval_emb_cos_sim_sem": 0.00039752891051862547, "eval_emb_top1_equal": 0.0625, "eval_emb_top1_equal_sem": 0.043475520007665865, "eval_runtime": 52.7769, "eval_samples_per_second": 3.79, "eval_steps_per_second": 0.133, "_eval_args": {"alias": "jailbreak", "prompt": "00_output_simple", "max_seq_length": 64, "num_samples": 200, "embedder_model_name": "meta-llama/Llama-2-7b-chat-hf", "dataset": "anthropic_toxic_prompts", "gpt_version": "gpt-4-0613", "take_first_line": false}}