{"eval_pred_num_tokens": 10.546875, "eval_true_num_tokens": 30.0546875, "eval_token_set_precision": 0.14851499250015443, "eval_token_set_recall": 0.3682800921928831, "eval_token_set_f1": 0.1848158312143617, "eval_token_set_f1_sem": 0.010681650099504725, "eval_n_ngrams_match_1": 2.67, "eval_n_ngrams_match_2": 0.53, "eval_n_ngrams_match_3": 0.215, "eval_num_true_words": 24.215, "eval_num_pred_words": 8.385, "eval_bleu_score": 3.0055341683051386, "eval_bleu_score_sem": 0.39451015262519984, "eval_exact_match": 0.0, "eval_exact_match_sem": 0.0, "eval_ada_emb_cos_sim_mean": 0.7486605644226074, "eval_ada_emb_cos_sim_sem": 0.0031915208443582532, "eval_emb_cos_sim": 0.9954184293746948, "eval_emb_cos_sim_sem": 0.0007388633949904506, "eval_emb_top1_equal": 0.3125, "eval_emb_top1_equal_sem": 0.08324928757897597, "eval_runtime": 536.0247, "eval_samples_per_second": 0.373, "eval_steps_per_second": 0.013, "_eval_args": {"alias": "fewshot", "prompt": "00_output_simple", "max_seq_length": 64, "num_samples": 200, "embedder_model_name": "meta-llama/Llama-2-7b-hf", "dataset": "one_million_instructions", "gpt_version": "gpt-4-0613", "take_first_line": false}}