{"eval_pred_num_tokens": 16.96875, "eval_true_num_tokens": 23.359375, "eval_token_set_precision": 0.07236771410856908, "eval_token_set_recall": 0.07010352448122747, "eval_token_set_f1": 0.06039860235464698, "eval_token_set_f1_sem": 0.007996165991275948, "eval_n_ngrams_match_1": 1.375, "eval_n_ngrams_match_2": 0.62, "eval_n_ngrams_match_3": 0.49, "eval_num_true_words": 18.045, "eval_num_pred_words": 13.49, "eval_bleu_score": 1.672328086038877, "eval_bleu_score_sem": 0.38998929877421523, "eval_exact_match": 0.0, "eval_exact_match_sem": 0.0, "eval_ada_emb_cos_sim_mean": 0.7165927290916443, "eval_ada_emb_cos_sim_sem": 0.003657569104808379, "eval_emb_cos_sim": 0.9969463348388672, "eval_emb_cos_sim_sem": 0.0008829485159367323, "eval_emb_top1_equal": 0.5, "eval_emb_top1_equal_sem": 0.28867512941360474, "eval_runtime": 265.2747, "eval_samples_per_second": 0.754, "eval_steps_per_second": 0.188, "_eval_args": {"alias": "jailbreak", "prompt": "04_ignore_output", "max_seq_length": 64, "num_samples": 200, "embedder_model_name": "meta-llama/Llama-2-13b-chat-hf", "dataset": "python_code_alpaca", "gpt_version": "gpt-3.5-turbo-0613", "take_first_line": true}}