{"eval_pred_num_tokens": 63.59375, "eval_true_num_tokens": 23.359375, "eval_token_set_precision": 0.2243893200499028, "eval_token_set_recall": 0.17635812832918454, "eval_token_set_f1": 0.1892924465867277, "eval_token_set_f1_sem": 0.017509853921731752, "eval_n_ngrams_match_1": 4.225, "eval_n_ngrams_match_2": 2.51, "eval_n_ngrams_match_3": 2.37, "eval_num_true_words": 18.045, "eval_num_pred_words": 65.715, "eval_bleu_score": 8.325324933769867, "eval_bleu_score_sem": 1.4485668412888209, "eval_exact_match": 0.005, "eval_exact_match_sem": 0.005, "eval_ada_emb_cos_sim_mean": 0.6695377826690674, "eval_ada_emb_cos_sim_sem": 0.007245626992874559, "eval_emb_cos_sim": 0.9961036443710327, "eval_emb_cos_sim_sem": 0.0003998537372679315, "eval_emb_top1_equal": 0.25, "eval_emb_top1_equal_sem": 0.07777137738431805, "eval_runtime": 51.9724, "eval_samples_per_second": 3.848, "eval_steps_per_second": 0.135, "_eval_args": {"alias": "jailbreak", "prompt": "13_math_ignore", "max_seq_length": 64, "num_samples": 200, "embedder_model_name": "meta-llama/Llama-2-7b-hf", "dataset": "python_code_alpaca", "gpt_version": "gpt-3.5-turbo-0613", "take_first_line": true}}