{"eval_pred_num_tokens": 23.171875, "eval_true_num_tokens": 23.359375, "eval_token_set_precision": 0.297561454213888, "eval_token_set_recall": 0.2967043462604972, "eval_token_set_f1": 0.282731388799446, "eval_token_set_f1_sem": 0.020033693973845114, "eval_n_ngrams_match_1": 5.21, "eval_n_ngrams_match_2": 3.45, "eval_n_ngrams_match_3": 3.04, "eval_num_true_words": 18.045, "eval_num_pred_words": 17.04, "eval_bleu_score": 15.254397781631068, "eval_bleu_score_sem": 1.8556093350747118, "eval_exact_match": 0.025, "eval_exact_match_sem": 0.011067404265948254, "eval_ada_emb_cos_sim_mean": 0.7603862285614014, "eval_ada_emb_cos_sim_sem": 0.007618966937997697, "eval_emb_cos_sim": 0.9966378211975098, "eval_emb_cos_sim_sem": 0.0004448519188622637, "eval_emb_top1_equal": 0.4375, "eval_emb_top1_equal_sem": 0.08909830077477232, "eval_runtime": 52.8356, "eval_samples_per_second": 3.785, "eval_steps_per_second": 0.132, "_eval_args": {"alias": "jailbreak", "prompt": "06_please_tellme", "max_seq_length": 64, "num_samples": 200, "embedder_model_name": "meta-llama/Llama-2-7b-hf", "dataset": "python_code_alpaca", "gpt_version": "gpt-3.5-turbo-0613", "take_first_line": true}}