{"eval_pred_num_tokens": 24.703125, "eval_true_num_tokens": 17.8515625, "eval_token_set_precision": 0.24751500471008334, "eval_token_set_recall": 0.24709542275432772, "eval_token_set_f1": 0.23231979504264724, "eval_token_set_f1_sem": 0.021651153606440668, "eval_n_ngrams_match_1": 3.645, "eval_n_ngrams_match_2": 2.39, "eval_n_ngrams_match_3": 2.065, "eval_num_true_words": 14.825, "eval_num_pred_words": 21.87, "eval_bleu_score": 15.120376881164336, "eval_bleu_score_sem": 2.0967636621307597, "eval_exact_match": 0.055, "eval_exact_match_sem": 0.016161092305986408, "eval_ada_emb_cos_sim_mean": 0.7687563300132751, "eval_ada_emb_cos_sim_sem": 0.006283898603293118, "eval_emb_cos_sim": 0.9973715543746948, "eval_emb_cos_sim_sem": 0.0004271662945100703, "eval_emb_top1_equal": 0.375, "eval_emb_top1_equal_sem": 0.08695104001533173, "eval_runtime": 55.0242, "eval_samples_per_second": 3.635, "eval_steps_per_second": 0.127, "_eval_args": {"alias": "jailbreak", "prompt": "09_memory", "max_seq_length": 64, "num_samples": 200, "embedder_model_name": "meta-llama/Llama-2-7b-hf", "dataset": "anthropic_toxic_prompts", "gpt_version": "gpt-3.5-turbo-0613", "take_first_line": true}}