{"eval_pred_num_tokens": 72.828125, "eval_true_num_tokens": 17.8515625, "eval_token_set_precision": 0.35863965153284744, "eval_token_set_recall": 0.11518336635420036, "eval_token_set_f1": 0.1476593528007459, "eval_token_set_f1_sem": 0.006943049272789759, "eval_n_ngrams_match_1": 5.1, "eval_n_ngrams_match_2": 1.5, "eval_n_ngrams_match_3": 0.85, "eval_num_true_words": 14.825, "eval_num_pred_words": 68.785, "eval_bleu_score": 2.2019022792398912, "eval_bleu_score_sem": 0.24607253519648786, "eval_exact_match": 0.0, "eval_exact_match_sem": 0.0, "eval_ada_emb_cos_sim_mean": 0.7922616600990295, "eval_ada_emb_cos_sim_sem": 0.004168215843263717, "eval_emb_cos_sim": 0.9950355291366577, "eval_emb_cos_sim_sem": 0.0006170895427955245, "eval_emb_top1_equal": 0.15625, "eval_emb_top1_equal_sem": 0.06521328132858782, "eval_runtime": 52.7742, "eval_samples_per_second": 3.79, "eval_steps_per_second": 0.133, "_eval_args": {"alias": "jailbreak", "prompt": "05_ignore_fewshot", "max_seq_length": 64, "num_samples": 200, "embedder_model_name": "meta-llama/Llama-2-7b-chat-hf", "dataset": "anthropic_toxic_prompts", "gpt_version": "gpt-3.5-turbo-0613", "take_first_line": true}}