{"eval_pred_num_tokens": 70.8828125, "eval_true_num_tokens": 17.8515625, "eval_token_set_precision": 0.3860642566780669, "eval_token_set_recall": 0.12277134964449338, "eval_token_set_f1": 0.15935887272104884, "eval_token_set_f1_sem": 0.006375529938200576, "eval_n_ngrams_match_1": 5.3, "eval_n_ngrams_match_2": 1.445, "eval_n_ngrams_match_3": 0.76, "eval_num_true_words": 14.825, "eval_num_pred_words": 65.095, "eval_bleu_score": 2.1714728111619994, "eval_bleu_score_sem": 0.21085918781418148, "eval_exact_match": 0.0, "eval_exact_match_sem": 0.0, "eval_ada_emb_cos_sim_mean": 0.8085108995437622, "eval_ada_emb_cos_sim_sem": 0.0036016291732866887, "eval_emb_cos_sim": 0.995800793170929, "eval_emb_cos_sim_sem": 0.0006112512164600037, "eval_emb_top1_equal": 0.28125, "eval_emb_top1_equal_sem": 0.08075219744018285, "eval_runtime": 51.5468, "eval_samples_per_second": 3.88, "eval_steps_per_second": 0.136, "_eval_args": {"alias": "jailbreak", "prompt": "07_please_tellme_colon", "max_seq_length": 64, "num_samples": 200, "embedder_model_name": "meta-llama/Llama-2-7b-chat-hf", "dataset": "anthropic_toxic_prompts", "gpt_version": "gpt-3.5-turbo-0613", "take_first_line": true}}