{"eval_pred_num_tokens": 119.890625, "eval_true_num_tokens": 17.8515625, "eval_token_set_precision": 0.682382737270051, "eval_token_set_recall": 0.39569781315166636, "eval_token_set_f1": 0.46205892439029334, "eval_token_set_f1_sem": 0.023265431946508455, "eval_n_ngrams_match_1": 10.68, "eval_n_ngrams_match_2": 9.01, "eval_n_ngrams_match_3": 8.11, "eval_num_true_words": 14.825, "eval_num_pred_words": 100.435, "eval_bleu_score": 8.36452240546587, "eval_bleu_score_sem": 0.7245052282197982, "eval_exact_match": 0.0, "eval_exact_match_sem": 0.0, "eval_ada_emb_cos_sim_mean": 0.8436948657035828, "eval_ada_emb_cos_sim_sem": 0.006525622369886436, "eval_emb_cos_sim": 0.9925816059112549, "eval_emb_cos_sim_sem": 0.000491310340584984, "eval_emb_top1_equal": 0.09375, "eval_emb_top1_equal_sem": 0.05235145927741988, "eval_runtime": 53.5013, "eval_samples_per_second": 3.738, "eval_steps_per_second": 0.131, "_eval_args": {"alias": "jailbreak", "prompt": "00_output_simple", "max_seq_length": 64, "num_samples": 200, "embedder_model_name": "meta-llama/Llama-2-7b-hf", "dataset": "anthropic_toxic_prompts", "gpt_version": "gpt-4-0613", "take_first_line": false}}