{"eval_pred_num_tokens": 58.3203125, "eval_true_num_tokens": 23.359375, "eval_token_set_precision": 0.36060032636566963, "eval_token_set_recall": 0.13986450277687099, "eval_token_set_f1": 0.18964845371179642, "eval_token_set_f1_sem": 0.007377841113235476, "eval_n_ngrams_match_1": 6.11, "eval_n_ngrams_match_2": 1.685, "eval_n_ngrams_match_3": 1.265, "eval_num_true_words": 18.045, "eval_num_pred_words": 54.74, "eval_bleu_score": 3.315926855752866, "eval_bleu_score_sem": 0.36476475354191445, "eval_exact_match": 0.0, "eval_exact_match_sem": 0.0, "eval_ada_emb_cos_sim_mean": 0.7235592007637024, "eval_ada_emb_cos_sim_sem": 0.005076231762267269, "eval_emb_cos_sim": 0.9930623769760132, "eval_emb_cos_sim_sem": 0.00038211954525827434, "eval_emb_top1_equal": 0.03125, "eval_emb_top1_equal_sem": 0.031249999465179028, "eval_runtime": 52.3987, "eval_samples_per_second": 3.817, "eval_steps_per_second": 0.134, "_eval_args": {"alias": "jailbreak", "prompt": "00_output_simple", "max_seq_length": 64, "num_samples": 200, "embedder_model_name": "meta-llama/Llama-2-7b-chat-hf", "dataset": "python_code_alpaca", "gpt_version": "gpt-3.5-turbo-0613", "take_first_line": true}}