{"eval_pred_num_tokens": 28.8984375, "eval_true_num_tokens": 23.359375, "eval_token_set_precision": 0.7243819637812162, "eval_token_set_recall": 0.6064997350659086, "eval_token_set_f1": 0.6397879864107147, "eval_token_set_f1_sem": 0.0180225594031803, "eval_n_ngrams_match_1": 13.275, "eval_n_ngrams_match_2": 11.05, "eval_n_ngrams_match_3": 9.97, "eval_num_true_words": 18.045, "eval_num_pred_words": 23.25, "eval_bleu_score": 42.08792647780726, "eval_bleu_score_sem": 2.1904888032495102, "eval_exact_match": 0.015, "eval_exact_match_sem": 0.008616625276509296, "eval_ada_emb_cos_sim_mean": 0.903506875038147, "eval_ada_emb_cos_sim_sem": 0.005588706356858963, "eval_emb_cos_sim": 0.9994702339172363, "eval_emb_cos_sim_sem": 0.00033863450516946614, "eval_emb_top1_equal": 0.75, "eval_emb_top1_equal_sem": 0.25, "eval_runtime": 314.4384, "eval_samples_per_second": 0.636, "eval_steps_per_second": 0.159, "_eval_args": {"alias": "jailbreak", "prompt": "04_ignore_output", "max_seq_length": 64, "num_samples": 200, "embedder_model_name": "meta-llama/Llama-2-13b-hf", "dataset": "python_code_alpaca", "gpt_version": "gpt-3.5-turbo-0613", "take_first_line": true}}