{"eval_pred_num_tokens": 124.8125, "eval_true_num_tokens": 23.359375, "eval_token_set_precision": 0.9298184523809523, "eval_token_set_recall": 0.5547459348595958, "eval_token_set_f1": 0.6778624678313322, "eval_token_set_f1_sem": 0.016097764585832147, "eval_n_ngrams_match_1": 17.22, "eval_n_ngrams_match_2": 16.065, "eval_n_ngrams_match_3": 15.115, "eval_num_true_words": 18.045, "eval_num_pred_words": 65.475, "eval_bleu_score": 16.906797252451938, "eval_bleu_score_sem": 0.7123597585210779, "eval_exact_match": 0.0, "eval_exact_match_sem": 0.0, "eval_ada_emb_cos_sim_mean": 0.8501451015472412, "eval_ada_emb_cos_sim_sem": 0.004991317452901158, "eval_emb_cos_sim": 0.99143385887146, "eval_emb_cos_sim_sem": 0.0005548654832336343, "eval_emb_top1_equal": 0.03125, "eval_emb_top1_equal_sem": 0.031249999465179028, "eval_runtime": 53.1966, "eval_samples_per_second": 3.76, "eval_steps_per_second": 0.132, "_eval_args": {"alias": "jailbreak", "prompt": "00_output_simple", "max_seq_length": 64, "num_samples": 200, "embedder_model_name": "meta-llama/Llama-2-7b-hf", "dataset": "python_code_alpaca", "gpt_version": "gpt-4-0613", "take_first_line": false}}