{"eval_pred_num_tokens": 31.7578125, "eval_true_num_tokens": 23.359375, "eval_token_set_precision": 0.5858059360463873, "eval_token_set_recall": 0.4535270110849863, "eval_token_set_f1": 0.4904352078516223, "eval_token_set_f1_sem": 0.02667683558019181, "eval_n_ngrams_match_1": 11.2, "eval_n_ngrams_match_2": 10.135, "eval_n_ngrams_match_3": 9.505, "eval_num_true_words": 18.045, "eval_num_pred_words": 27.71, "eval_bleu_score": 31.97715210428068, "eval_bleu_score_sem": 2.2925359884929586, "eval_exact_match": 0.025, "eval_exact_match_sem": 0.011067404265948254, "eval_ada_emb_cos_sim_mean": 0.8785707950592041, "eval_ada_emb_cos_sim_sem": 0.00768900815135992, "eval_emb_cos_sim": 0.9969691038131714, "eval_emb_cos_sim_sem": 0.0018213773146271706, "eval_emb_top1_equal": 0.5, "eval_emb_top1_equal_sem": 0.28867512941360474, "eval_runtime": 315.9841, "eval_samples_per_second": 0.633, "eval_steps_per_second": 0.158, "_eval_args": {"alias": "jailbreak", "prompt": "12_copycat", "max_seq_length": 64, "num_samples": 200, "embedder_model_name": "meta-llama/Llama-2-13b-hf", "dataset": "python_code_alpaca", "gpt_version": "gpt-3.5-turbo-0613", "take_first_line": true}}