{"eval_loss": 2.516096591949463, "eval_accuracy": 0.3203125, "eval_pred_num_tokens": 61.400001525878906, "eval_true_num_tokens": 29.825000762939453, "eval_token_set_precision": 0.23755904413899023, "eval_token_set_recall": 0.15691221751865278, "eval_token_set_f1": 0.1753496316968423, "eval_token_set_f1_sem": 0.020598294844702457, "eval_n_ngrams_match_1": 6.625, "eval_n_ngrams_match_2": 1.675, "eval_n_ngrams_match_3": 0.975, "eval_num_true_words": 23.225, "eval_num_pred_words": 51.675, "eval_bleu_score": 3.5294820072289435, "eval_bleu_score_sem": 1.2205874530226442, "eval_rouge_score": 0.1439709382009028, "eval_exact_match": 0.0, "eval_exact_match_sem": 0.0, "eval_ada_emb_cos_sim_mean": 0.0, "eval_ada_emb_cos_sim_sem": 0.0, "eval_emb_cos_sim": 0.9922218322753906, "eval_emb_cos_sim_sem": 0.0006043374457839154, "eval_emb_top1_equal": 0.375, "eval_emb_top1_equal_sem": 0.08695104001533173, "eval_perplexity": 12.380177340969674, "eval_runtime": 12.5256, "eval_samples_per_second": 3.193, "eval_steps_per_second": 0.16, "_eval_args": {"alias": "jxm/t5-base__llama-7b-chat__one-million-instructions__emb", "dataset": "one_million_instructions", "num_samples": 40, "embedder_model_name": "meta-llama/Llama-2-7b-chat-hf"}}