{"eval_loss": 0.7762864828109741, "eval_accuracy": 0.43109375, "eval_pred_num_tokens": 28.420000076293945, "eval_true_num_tokens": 29.51999855041504, "eval_token_set_precision": 0.7610144785930228, "eval_token_set_recall": 0.8025211991920471, "eval_token_set_f1": 0.7765421751016587, "eval_token_set_f1_sem": 0.02265624487308713, "eval_n_ngrams_match_1": 16.16, "eval_n_ngrams_match_2": 12.88, "eval_n_ngrams_match_3": 10.85, "eval_num_true_words": 23.13, "eval_num_pred_words": 22.27, "eval_bleu_score": 61.51819141033454, "eval_bleu_score_sem": 3.2173636924420195, "eval_rouge_score": 0.7403612764571261, "eval_exact_match": 0.28, "eval_exact_match_sem": 0.045126085985421296, "eval_ada_emb_cos_sim_mean": 0.0, "eval_ada_emb_cos_sim_sem": 0.0, "eval_emb_cos_sim": 0.9978002905845642, "eval_emb_cos_sim_sem": 0.0005020621086535957, "eval_emb_top1_equal": 0.53125, "eval_emb_top1_equal_sem": 0.08962708567290212, "eval_perplexity": 2.1733863536214617, "eval_runtime": 15.459, "eval_samples_per_second": 6.469, "eval_steps_per_second": 0.259, "_eval_args": {"alias": "jxm/t5-base__llama-7b__one-million-instructions__emb", "dataset": "one_million_instructions", "num_samples": 100, "batch_size": 32, "embedder_model_name": "meta-llama/Llama-2-7b-hf"}}