{"eval_pred_num_tokens": 27.765625, "eval_true_num_tokens": 23.359375, "eval_token_set_precision": 0.7542939449454784, "eval_token_set_recall": 0.6232216450105923, "eval_token_set_f1": 0.665614565466588, "eval_token_set_f1_sem": 0.01865341104339198, "eval_n_ngrams_match_1": 13.785, "eval_n_ngrams_match_2": 11.885, "eval_n_ngrams_match_3": 10.925, "eval_num_true_words": 18.045, "eval_num_pred_words": 22.29, "eval_bleu_score": 47.2464617855275, "eval_bleu_score_sem": 2.2723263465075885, "eval_exact_match": 0.09, "eval_exact_match_sem": 0.02028688711815402, "eval_ada_emb_cos_sim_mean": 0.9117630124092102, "eval_ada_emb_cos_sim_sem": 0.0055290575026683145, "eval_emb_cos_sim": 0.9988015294075012, "eval_emb_cos_sim_sem": 0.0003351336705436915, "eval_emb_top1_equal": 0.875, "eval_emb_top1_equal_sem": 0.05939887069541892, "eval_runtime": 53.6085, "eval_samples_per_second": 3.731, "eval_steps_per_second": 0.131, "_eval_args": {"alias": "jailbreak", "prompt": "02_ignore_simple", "max_seq_length": 64, "num_samples": 200, "embedder_model_name": "meta-llama/Llama-2-7b-hf", "dataset": "python_code_alpaca", "gpt_version": "gpt-3.5-turbo-0613", "take_first_line": true}}