{"eval_pred_num_tokens": 39.2421875, "eval_true_num_tokens": 30.109375, "eval_token_set_precision": 0.18454954182914726, "eval_token_set_recall": 0.22913328709623212, "eval_token_set_f1": 0.15072266394925962, "eval_token_set_f1_sem": 0.0110283479641437, "eval_n_ngrams_match_1": 4.135, "eval_n_ngrams_match_2": 1.385, "eval_n_ngrams_match_3": 0.955, "eval_num_true_words": 24.265, "eval_num_pred_words": 32.525, "eval_bleu_score": 3.4001857868382346, "eval_bleu_score_sem": 0.6715295565340444, "eval_exact_match": 0.0, "eval_exact_match_sem": 0.0, "eval_ada_emb_cos_sim_mean": 0.7698622345924377, "eval_ada_emb_cos_sim_sem": 0.0043147530598376055, "eval_emb_cos_sim": 0.9959170818328857, "eval_emb_cos_sim_sem": 0.00170147477183491, "eval_emb_top1_equal": 0.5, "eval_emb_top1_equal_sem": 0.28867512941360474, "eval_runtime": 308.369, "eval_samples_per_second": 0.649, "eval_steps_per_second": 0.162, "_eval_args": {"alias": "jailbreak", "prompt": "05_ignore_fewshot", "max_seq_length": 64, "num_samples": 200, "embedder_model_name": "meta-llama/Llama-2-13b-chat-hf", "dataset": "one_million_instructions", "gpt_version": "gpt-3.5-turbo-0613", "take_first_line": true}}