{"eval_loss": 1.1959223747253418, "eval_accuracy": 0.456328125, "eval_pred_num_tokens": 22.7890625, "eval_true_num_tokens": 23.359375, "eval_token_set_precision": 0.6448446102485004, "eval_token_set_recall": 0.6643882940198373, "eval_token_set_f1": 0.6517973703314884, "eval_token_set_f1_sem": 0.012373581215495784, "eval_n_ngrams_match_1": 10.795, "eval_n_ngrams_match_2": 6.315, "eval_n_ngrams_match_3": 4.265, "eval_num_true_words": 18.045, "eval_num_pred_words": 17.775, "eval_bleu_score": 34.584546785771884, "eval_bleu_score_sem": 1.6213394049252214, "eval_rouge_score": 0.628812816474916, "eval_exact_match": 0.025, "eval_exact_match_sem": 0.011067404265948254, "eval_ada_emb_cos_sim_mean": 0.9120678901672363, "eval_ada_emb_cos_sim_sem": 0.004187608135099186, "eval_emb_cos_sim": 0.9996256232261658, "eval_emb_cos_sim_sem": 6.540825602483982e-05, "eval_emb_top1_equal": 0.96875, "eval_emb_top1_equal_sem": 0.031249999465179028, "eval_perplexity": 3.3066062944174592, "eval_runtime": 15.9086, "eval_samples_per_second": 12.572, "eval_steps_per_second": 0.44, "_eval_args": {"alias": "jxm/t5-base__llama-7b-chat__one-million-instructions", "dataset": "python_code_alpaca", "num_samples": 200, "embedder_model_name": "meta-llama/Llama-2-7b-chat-hf"}}