{"eval_pred_num_tokens": 57.4921875, "eval_true_num_tokens": 23.359375, "eval_token_set_precision": 0.5927195950839111, "eval_token_set_recall": 0.24460859060310294, "eval_token_set_f1": 0.3331033738232421, "eval_token_set_f1_sem": 0.011872434920091112, "eval_n_ngrams_match_1": 10.21, "eval_n_ngrams_match_2": 6.715, "eval_n_ngrams_match_3": 5.47, "eval_num_true_words": 18.045, "eval_num_pred_words": 49.385, "eval_bleu_score": 13.734965555765248, "eval_bleu_score_sem": 0.9184523720900177, "eval_exact_match": 0.0, "eval_exact_match_sem": 0.0, "eval_ada_emb_cos_sim_mean": 0.8171462416648865, "eval_ada_emb_cos_sim_sem": 0.0060315575187242995, "eval_emb_cos_sim": 0.9983694553375244, "eval_emb_cos_sim_sem": 0.0013119056820869446, "eval_emb_top1_equal": 0.5, "eval_emb_top1_equal_sem": 0.28867512941360474, "eval_runtime": 318.3443, "eval_samples_per_second": 0.628, "eval_steps_per_second": 0.157, "_eval_args": {"alias": "jailbreak", "prompt": "06_please_tellme", "max_seq_length": 64, "num_samples": 200, "embedder_model_name": "meta-llama/Llama-2-13b-chat-hf", "dataset": "python_code_alpaca", "gpt_version": "gpt-3.5-turbo-0613", "take_first_line": true}}