{"eval_pred_num_tokens": 12.7890625, "eval_true_num_tokens": 30.109375, "eval_token_set_precision": 0.12752758710830076, "eval_token_set_recall": 0.26525773102085565, "eval_token_set_f1": 0.15191328265797546, "eval_token_set_f1_sem": 0.011510806307760739, "eval_n_ngrams_match_1": 3.01, "eval_n_ngrams_match_2": 1.155, "eval_n_ngrams_match_3": 0.805, "eval_num_true_words": 24.265, "eval_num_pred_words": 10.275, "eval_bleu_score": 3.773346731612305, "eval_bleu_score_sem": 0.742952073161942, "eval_exact_match": 0.0, "eval_exact_match_sem": 0.0, "eval_ada_emb_cos_sim_mean": 0.7748807668685913, "eval_ada_emb_cos_sim_sem": 0.004175129770344126, "eval_emb_cos_sim": 0.9965063333511353, "eval_emb_cos_sim_sem": 0.0018281025113537908, "eval_emb_top1_equal": 0.5, "eval_emb_top1_equal_sem": 0.28867512941360474, "eval_runtime": 302.0679, "eval_samples_per_second": 0.662, "eval_steps_per_second": 0.166, "_eval_args": {"alias": "jailbreak", "prompt": "04_ignore_output", "max_seq_length": 64, "num_samples": 200, "embedder_model_name": "meta-llama/Llama-2-13b-chat-hf", "dataset": "one_million_instructions", "gpt_version": "gpt-3.5-turbo-0613", "take_first_line": true}}