{"eval_pred_num_tokens": 40.234375, "eval_true_num_tokens": 23.359375, "eval_token_set_precision": 0.6957754225693809, "eval_token_set_recall": 0.4236064653014017, "eval_token_set_f1": 0.503240212066094, "eval_token_set_f1_sem": 0.013556306181059786, "eval_n_ngrams_match_1": 11.815, "eval_n_ngrams_match_2": 8.69, "eval_n_ngrams_match_3": 7.215, "eval_num_true_words": 18.045, "eval_num_pred_words": 32.91, "eval_bleu_score": 30.606248067775155, "eval_bleu_score_sem": 1.6192505669581323, "eval_exact_match": 0.0, "eval_exact_match_sem": 0.0, "eval_ada_emb_cos_sim_mean": 0.8871899247169495, "eval_ada_emb_cos_sim_sem": 0.004130500999291547, "eval_emb_cos_sim": 0.9987702369689941, "eval_emb_cos_sim_sem": 0.0007159160450100899, "eval_emb_top1_equal": 0.5, "eval_emb_top1_equal_sem": 0.28867512941360474, "eval_runtime": 315.8732, "eval_samples_per_second": 0.633, "eval_steps_per_second": 0.158, "_eval_args": {"alias": "jailbreak", "prompt": "10_dashes", "max_seq_length": 64, "num_samples": 200, "embedder_model_name": "meta-llama/Llama-2-13b-chat-hf", "dataset": "python_code_alpaca", "gpt_version": "gpt-3.5-turbo-0613", "take_first_line": true}}