{"eval_pred_num_tokens": 22.640625, "eval_true_num_tokens": 23.359375, "eval_token_set_precision": 0.07859640484032622, "eval_token_set_recall": 0.1693715538847116, "eval_token_set_f1": 0.10448446141740723, "eval_token_set_f1_sem": 0.0033406996924863247, "eval_n_ngrams_match_1": 1.2, "eval_n_ngrams_match_2": 0.0, "eval_n_ngrams_match_3": 0.0, "eval_num_true_words": 18.045, "eval_num_pred_words": 11.435, "eval_bleu_score": 1.9438458774879808, "eval_bleu_score_sem": 0.09072790768995823, "eval_exact_match": 0.0, "eval_exact_match_sem": 0.0, "eval_ada_emb_cos_sim_mean": 0.672301709651947, "eval_ada_emb_cos_sim_sem": 0.0022041478096736533, "eval_emb_cos_sim": 0.9959615468978882, "eval_emb_cos_sim_sem": 0.00026876421736066127, "eval_emb_top1_equal": 0.8125, "eval_emb_top1_equal_sem": 0.0701021735102378, "eval_runtime": 52.5486, "eval_samples_per_second": 3.806, "eval_steps_per_second": 0.133, "_eval_args": {"alias": "jailbreak", "prompt": "08_recall_dinosaur", "max_seq_length": 64, "num_samples": 200, "embedder_model_name": "meta-llama/Llama-2-7b-hf", "dataset": "python_code_alpaca", "gpt_version": "gpt-3.5-turbo-0613", "take_first_line": true}}