{"eval_pred_num_tokens": 12.953125, "eval_true_num_tokens": 30.109375, "eval_token_set_precision": 0.13236890357462952, "eval_token_set_recall": 0.26184723598072734, "eval_token_set_f1": 0.1569093258676579, "eval_token_set_f1_sem": 0.01164172384987317, "eval_n_ngrams_match_1": 3.105, "eval_n_ngrams_match_2": 1.24, "eval_n_ngrams_match_3": 0.88, "eval_num_true_words": 24.265, "eval_num_pred_words": 10.725, "eval_bleu_score": 4.40080176518675, "eval_bleu_score_sem": 0.7907119518283863, "eval_exact_match": 0.0, "eval_exact_match_sem": 0.0, "eval_ada_emb_cos_sim_mean": 0.7703442573547363, "eval_ada_emb_cos_sim_sem": 0.004180333852464009, "eval_emb_cos_sim": 0.9965941309928894, "eval_emb_cos_sim_sem": 0.001851009321399033, "eval_emb_top1_equal": 0.5, "eval_emb_top1_equal_sem": 0.28867512941360474, "eval_runtime": 246.3534, "eval_samples_per_second": 0.812, "eval_steps_per_second": 0.203, "_eval_args": {"alias": "jailbreak", "prompt": "11_return", "max_seq_length": 64, "num_samples": 200, "embedder_model_name": "meta-llama/Llama-2-13b-chat-hf", "dataset": "one_million_instructions", "gpt_version": "gpt-3.5-turbo-0613", "take_first_line": true}}