{"eval_pred_num_tokens": 28.984375, "eval_true_num_tokens": 30.0546875, "eval_token_set_precision": 0.21192721529476052, "eval_token_set_recall": 0.20679752228432638, "eval_token_set_f1": 0.19441674807320564, "eval_token_set_f1_sem": 0.009291413593934057, "eval_n_ngrams_match_1": 3.52, "eval_n_ngrams_match_2": 0.875, "eval_n_ngrams_match_3": 0.425, "eval_num_true_words": 24.215, "eval_num_pred_words": 20.275, "eval_bleu_score": 4.003549663386046, "eval_bleu_score_sem": 0.42733050214898616, "eval_exact_match": 0.0, "eval_exact_match_sem": 0.0, "eval_ada_emb_cos_sim_mean": 0.7786914110183716, "eval_ada_emb_cos_sim_sem": 0.004004452946285622, "eval_emb_cos_sim": 0.9969301223754883, "eval_emb_cos_sim_sem": 0.0005189880195977675, "eval_emb_top1_equal": 0.90625, "eval_emb_top1_equal_sem": 0.05235145927741988, "eval_runtime": 343.3419, "eval_samples_per_second": 0.583, "eval_steps_per_second": 0.02, "_eval_args": {"alias": "fewshot", "prompt": "00_output_simple", "max_seq_length": 64, "num_samples": 200, "embedder_model_name": "meta-llama/Llama-2-7b-chat-hf", "dataset": "one_million_instructions", "gpt_version": "gpt-3.5-turbo-0613", "take_first_line": false}}