{"eval_loss": 1.2014427185058594, "eval_accuracy": 0.451953125, "eval_pred_num_tokens": 22.6640625, "eval_true_num_tokens": 23.359375, "eval_token_set_precision": 0.6320521297510825, "eval_token_set_recall": 0.6522752829808763, "eval_token_set_f1": 0.6388117334638268, "eval_token_set_f1_sem": 0.011644238530009642, "eval_n_ngrams_match_1": 10.55, "eval_n_ngrams_match_2": 6.205, "eval_n_ngrams_match_3": 4.195, "eval_num_true_words": 18.045, "eval_num_pred_words": 17.84, "eval_bleu_score": 33.25681634325358, "eval_bleu_score_sem": 1.3950581271375704, "eval_exact_match": 0.005, "eval_exact_match_sem": 0.005, "eval_ada_emb_cos_sim_mean": 0.8985876441001892, "eval_ada_emb_cos_sim_sem": 0.00435129595800337, "eval_emb_cos_sim": 0.9995700120925903, "eval_emb_cos_sim_sem": 6.659456736230203e-05, "eval_emb_top1_equal": 0.96875, "eval_emb_top1_equal_sem": 0.031249999465179028, "eval_perplexity": 3.3249103738314583, "eval_runtime": 13.1595, "eval_samples_per_second": 15.198, "eval_steps_per_second": 0.532, "_eval_args": {"alias": "jxm/t5-base__llama-7b-chat__one-million-paired-instructions__60epoch", "dataset": "python_code_alpaca", "num_samples": 200, "embedder_model_name": "meta-llama/Llama-2-7b-chat-hf"}}