{"eval_pred_num_tokens": 70.3828125, "eval_true_num_tokens": 17.8515625, "eval_token_set_precision": 0.41551041180833276, "eval_token_set_recall": 0.13151422954116906, "eval_token_set_f1": 0.17219774779117702, "eval_token_set_f1_sem": 0.007020459276137735, "eval_n_ngrams_match_1": 5.635, "eval_n_ngrams_match_2": 1.86, "eval_n_ngrams_match_3": 1.035, "eval_num_true_words": 14.825, "eval_num_pred_words": 63.62, "eval_bleu_score": 2.726584665989883, "eval_bleu_score_sem": 0.25895946930916336, "eval_exact_match": 0.0, "eval_exact_match_sem": 0.0, "eval_ada_emb_cos_sim_mean": 0.8222021460533142, "eval_ada_emb_cos_sim_sem": 0.003635953566713961, "eval_emb_cos_sim": 0.9956932663917542, "eval_emb_cos_sim_sem": 0.0005377998785357067, "eval_emb_top1_equal": 0.25, "eval_emb_top1_equal_sem": 0.07777137738431805, "eval_runtime": 54.8015, "eval_samples_per_second": 3.65, "eval_steps_per_second": 0.128, "_eval_args": {"alias": "jailbreak", "prompt": "04_ignore_output", "max_seq_length": 64, "num_samples": 200, "embedder_model_name": "meta-llama/Llama-2-7b-chat-hf", "dataset": "anthropic_toxic_prompts", "gpt_version": "gpt-3.5-turbo-0613", "take_first_line": true}}