{"eval_pred_num_tokens": 19.5234375, "eval_true_num_tokens": 17.8515625, "eval_token_set_precision": 0.84124215601232, "eval_token_set_recall": 0.8373470142079823, "eval_token_set_f1": 0.8299845073682376, "eval_token_set_f1_sem": 0.021674073771601556, "eval_n_ngrams_match_1": 11.845, "eval_n_ngrams_match_2": 10.59, "eval_n_ngrams_match_3": 9.645, "eval_num_true_words": 14.825, "eval_num_pred_words": 17.055, "eval_bleu_score": 77.7026499824806, "eval_bleu_score_sem": 2.6254963793180104, "eval_exact_match": 0.645, "eval_exact_match_sem": 0.033920910080708584, "eval_ada_emb_cos_sim_mean": 0.9217538237571716, "eval_ada_emb_cos_sim_sem": 0.0062918064057449746, "eval_emb_cos_sim": 0.9977768659591675, "eval_emb_cos_sim_sem": 0.00038543078936247494, "eval_emb_top1_equal": 0.46875, "eval_emb_top1_equal_sem": 0.08962708567290212, "eval_runtime": 51.8216, "eval_samples_per_second": 3.859, "eval_steps_per_second": 0.135, "_eval_args": {"alias": "jailbreak", "prompt": "07_please_tellme_colon", "max_seq_length": 64, "num_samples": 200, "embedder_model_name": "meta-llama/Llama-2-7b-hf", "dataset": "anthropic_toxic_prompts", "gpt_version": "gpt-3.5-turbo-0613", "take_first_line": true}}