{"eval_pred_num_tokens": 31.140625, "eval_true_num_tokens": 17.8359375, "eval_token_set_precision": 0.18693156927638288, "eval_token_set_recall": 0.13402461302204488, "eval_token_set_f1": 0.1465235135078819, "eval_token_set_f1_sem": 0.007647897970283181, "eval_n_ngrams_match_1": 2.36, "eval_n_ngrams_match_2": 0.44, "eval_n_ngrams_match_3": 0.18, "eval_num_true_words": 14.8, "eval_num_pred_words": 22.215, "eval_bleu_score": 2.7008948976900276, "eval_bleu_score_sem": 0.23139614532837544, "eval_exact_match": 0.0, "eval_exact_match_sem": 0.0, "eval_ada_emb_cos_sim_mean": 0.7511102557182312, "eval_ada_emb_cos_sim_sem": 0.003010229336502281, "eval_emb_cos_sim": 0.9979076981544495, "eval_emb_cos_sim_sem": 0.000438220005235592, "eval_emb_top1_equal": 0.9375, "eval_emb_top1_equal_sem": 0.043475520007665865, "eval_runtime": 365.0969, "eval_samples_per_second": 0.548, "eval_steps_per_second": 0.019, "_eval_args": {"alias": "fewshot", "prompt": "00_output_simple", "max_seq_length": 64, "num_samples": 200, "embedder_model_name": "meta-llama/Llama-2-7b-chat-hf", "dataset": "anthropic_toxic_prompts", "gpt_version": "gpt-3.5-turbo-0613", "take_first_line": false}}