{"eval_pred_num_tokens": 28.078125, "eval_true_num_tokens": 23.359375, "eval_token_set_precision": 0.3510010148669969, "eval_token_set_recall": 0.20247748420015108, "eval_token_set_f1": 0.23870991443371906, "eval_token_set_f1_sem": 0.015057873443659624, "eval_n_ngrams_match_1": 5.815, "eval_n_ngrams_match_2": 3.86, "eval_n_ngrams_match_3": 3.25, "eval_num_true_words": 18.045, "eval_num_pred_words": 23.59, "eval_bleu_score": 9.88288576738294, "eval_bleu_score_sem": 0.9249522427551251, "eval_exact_match": 0.0, "eval_exact_match_sem": 0.0, "eval_ada_emb_cos_sim_mean": 0.7727539539337158, "eval_ada_emb_cos_sim_sem": 0.006701970579247686, "eval_emb_cos_sim": 0.9988364577293396, "eval_emb_cos_sim_sem": 0.0006202309159561992, "eval_emb_top1_equal": 0.5, "eval_emb_top1_equal_sem": 0.28867512941360474, "eval_runtime": 218.3227, "eval_samples_per_second": 0.916, "eval_steps_per_second": 0.229, "_eval_args": {"alias": "jailbreak", "prompt": "13_math_ignore", "max_seq_length": 64, "num_samples": 200, "embedder_model_name": "meta-llama/Llama-2-13b-chat-hf", "dataset": "python_code_alpaca", "gpt_version": "gpt-3.5-turbo-0613", "take_first_line": true}}