{"eval_loss": 0.9860234260559082, "eval_accuracy": 0.437109375, "eval_pred_num_tokens": 28.274999618530273, "eval_true_num_tokens": 29.825000762939453, "eval_token_set_precision": 0.7432924696118484, "eval_token_set_recall": 0.8050376806812366, "eval_token_set_f1": 0.7686246646515416, "eval_token_set_f1_sem": 0.03424430005195129, "eval_n_ngrams_match_1": 15.725, "eval_n_ngrams_match_2": 12.3, "eval_n_ngrams_match_3": 10.1, "eval_num_true_words": 23.225, "eval_num_pred_words": 22.1, "eval_bleu_score": 57.79653399910664, "eval_bleu_score_sem": 4.837980178568711, "eval_rouge_score": 0.7274633705823709, "eval_exact_match": 0.225, "eval_exact_match_sem": 0.06686668711812965, "eval_ada_emb_cos_sim_mean": 0.0, "eval_ada_emb_cos_sim_sem": 0.0, "eval_emb_cos_sim": 0.9980803728103638, "eval_emb_cos_sim_sem": 0.0005934387811309919, "eval_emb_top1_equal": 0.59375, "eval_emb_top1_equal_sem": 0.08820996638035214, "eval_perplexity": 2.680553829726195, "eval_runtime": 12.6936, "eval_samples_per_second": 3.151, "eval_steps_per_second": 0.158, "_eval_args": {"alias": "jxm/t5-base__llama-7b__one-million-instructions__emb", "dataset": "one_million_instructions", "num_samples": 40, "embedder_model_name": "meta-llama/Llama-2-7b-hf"}}