{"eval_pred_num_tokens": 24.6484375, "eval_true_num_tokens": 23.359375, "eval_token_set_precision": 0.8704456149136458, "eval_token_set_recall": 0.864941460823815, "eval_token_set_f1": 0.8609847264656209, "eval_token_set_f1_sem": 0.021715767414116967, "eval_n_ngrams_match_1": 15.725, "eval_n_ngrams_match_2": 14.545, "eval_n_ngrams_match_3": 13.63, "eval_num_true_words": 18.045, "eval_num_pred_words": 19.2, "eval_bleu_score": 82.72811635569167, "eval_bleu_score_sem": 2.532543500965979, "eval_exact_match": 0.75, "eval_exact_match_sem": 0.030695456590127176, "eval_ada_emb_cos_sim_mean": 0.9577788710594177, "eval_ada_emb_cos_sim_sem": 0.006752731716758601, "eval_emb_cos_sim": 0.9988886117935181, "eval_emb_cos_sim_sem": 0.000896513054613024, "eval_emb_top1_equal": 0.75, "eval_emb_top1_equal_sem": 0.25, "eval_runtime": 315.6216, "eval_samples_per_second": 0.634, "eval_steps_per_second": 0.158, "_eval_args": {"alias": "jailbreak", "prompt": "07_please_tellme_colon", "max_seq_length": 64, "num_samples": 200, "embedder_model_name": "meta-llama/Llama-2-13b-hf", "dataset": "python_code_alpaca", "gpt_version": "gpt-3.5-turbo-0613", "take_first_line": true}}