{"eval_pred_num_tokens": 25.1953125, "eval_true_num_tokens": 23.359375, "eval_token_set_precision": 0.9102661297969594, "eval_token_set_recall": 0.891596624570832, "eval_token_set_f1": 0.8940594153660564, "eval_token_set_f1_sem": 0.015504807240991845, "eval_n_ngrams_match_1": 16.015, "eval_n_ngrams_match_2": 14.675, "eval_n_ngrams_match_3": 13.665, "eval_num_true_words": 18.045, "eval_num_pred_words": 18.9, "eval_bleu_score": 82.49933989798066, "eval_bleu_score_sem": 2.168258095108619, "eval_exact_match": 0.635, "eval_exact_match_sem": 0.034127679271557736, "eval_ada_emb_cos_sim_mean": 0.9726552367210388, "eval_ada_emb_cos_sim_sem": 0.004066548951867935, "eval_emb_cos_sim": 0.9991140365600586, "eval_emb_cos_sim_sem": 0.0007377801812253892, "eval_emb_top1_equal": 0.75, "eval_emb_top1_equal_sem": 0.25, "eval_runtime": 316.3003, "eval_samples_per_second": 0.632, "eval_steps_per_second": 0.158, "_eval_args": {"alias": "jailbreak", "prompt": "09_memory", "max_seq_length": 64, "num_samples": 200, "embedder_model_name": "meta-llama/Llama-2-13b-hf", "dataset": "python_code_alpaca", "gpt_version": "gpt-3.5-turbo-0613", "take_first_line": true}}