{"eval_pred_num_tokens": 39.9609375, "eval_true_num_tokens": 23.359375, "eval_token_set_precision": 0.7763718975020153, "eval_token_set_recall": 0.5732127132724039, "eval_token_set_f1": 0.6363429564290976, "eval_token_set_f1_sem": 0.022076782111497273, "eval_n_ngrams_match_1": 14.125, "eval_n_ngrams_match_2": 12.97, "eval_n_ngrams_match_3": 12.15, "eval_num_true_words": 18.045, "eval_num_pred_words": 31.475, "eval_bleu_score": 42.47162427661153, "eval_bleu_score_sem": 2.2186291071770277, "eval_exact_match": 0.1, "eval_exact_match_sem": 0.02126643615025008, "eval_ada_emb_cos_sim_mean": 0.9208778142929077, "eval_ada_emb_cos_sim_sem": 0.00645717061954868, "eval_emb_cos_sim": 0.99772709608078, "eval_emb_cos_sim_sem": 0.0004253224110467504, "eval_emb_top1_equal": 0.625, "eval_emb_top1_equal_sem": 0.08695104001533173, "eval_runtime": 53.5244, "eval_samples_per_second": 3.737, "eval_steps_per_second": 0.131, "_eval_args": {"alias": "jailbreak", "prompt": "12_copycat", "max_seq_length": 64, "num_samples": 200, "embedder_model_name": "meta-llama/Llama-2-7b-hf", "dataset": "python_code_alpaca", "gpt_version": "gpt-3.5-turbo-0613", "take_first_line": true}}