{"eval_pred_num_tokens": 18.3671875, "eval_true_num_tokens": 30.109375, "eval_token_set_precision": 0.33199191839556796, "eval_token_set_recall": 0.40817745254926946, "eval_token_set_f1": 0.32346515322456165, "eval_token_set_f1_sem": 0.017072537960421817, "eval_n_ngrams_match_1": 6.065, "eval_n_ngrams_match_2": 3.505, "eval_n_ngrams_match_3": 2.64, "eval_num_true_words": 24.265, "eval_num_pred_words": 14.465, "eval_bleu_score": 15.1973917273977, "eval_bleu_score_sem": 1.5039272287361192, "eval_exact_match": 0.0, "eval_exact_match_sem": 0.0, "eval_ada_emb_cos_sim_mean": 0.8342536091804504, "eval_ada_emb_cos_sim_sem": 0.006005239446007278, "eval_emb_cos_sim": 0.9969472289085388, "eval_emb_cos_sim_sem": 0.0019550484139472246, "eval_emb_top1_equal": 0.5, "eval_emb_top1_equal_sem": 0.28867512941360474, "eval_runtime": 310.4617, "eval_samples_per_second": 0.644, "eval_steps_per_second": 0.161, "_eval_args": {"alias": "jailbreak", "prompt": "10_dashes", "max_seq_length": 64, "num_samples": 200, "embedder_model_name": "meta-llama/Llama-2-13b-chat-hf", "dataset": "one_million_instructions", "gpt_version": "gpt-3.5-turbo-0613", "take_first_line": true}}