{"eval_pred_num_tokens": 34.0390625, "eval_true_num_tokens": 30.0546875, "eval_token_set_precision": 0.287122028407988, "eval_token_set_recall": 0.24969904608852417, "eval_token_set_f1": 0.25374052149698645, "eval_token_set_f1_sem": 0.011096711616073434, "eval_n_ngrams_match_1": 5.26, "eval_n_ngrams_match_2": 1.645, "eval_n_ngrams_match_3": 0.86, "eval_num_true_words": 24.215, "eval_num_pred_words": 24.96, "eval_bleu_score": 6.070267881783389, "eval_bleu_score_sem": 0.5898180874081884, "eval_exact_match": 0.0, "eval_exact_match_sem": 0.0, "eval_ada_emb_cos_sim_mean": 0.7932685613632202, "eval_ada_emb_cos_sim_sem": 0.00446285971968292, "eval_emb_cos_sim": 0.9962927103042603, "eval_emb_cos_sim_sem": 0.0005459423286275637, "eval_emb_top1_equal": 0.78125, "eval_emb_top1_equal_sem": 0.07424858573509562, "eval_runtime": 702.2558, "eval_samples_per_second": 0.285, "eval_steps_per_second": 0.01, "_eval_args": {"alias": "fewshot", "prompt": "00_output_simple", "max_seq_length": 64, "num_samples": 200, "embedder_model_name": "meta-llama/Llama-2-7b-chat-hf", "dataset": "one_million_instructions", "gpt_version": "gpt-4-0613", "take_first_line": false}}