{"eval_pred_num_tokens": 40.3203125, "eval_true_num_tokens": 17.8515625, "eval_token_set_precision": 0.32437871723889455, "eval_token_set_recall": 0.24268768938337593, "eval_token_set_f1": 0.261345325735005, "eval_token_set_f1_sem": 0.018499555046601324, "eval_n_ngrams_match_1": 5.455, "eval_n_ngrams_match_2": 3.535, "eval_n_ngrams_match_3": 3.025, "eval_num_true_words": 14.825, "eval_num_pred_words": 31.995, "eval_bleu_score": 12.919124095783877, "eval_bleu_score_sem": 1.6948608740245243, "eval_exact_match": 0.015, "eval_exact_match_sem": 0.008616625276509296, "eval_ada_emb_cos_sim_mean": 0.8055389523506165, "eval_ada_emb_cos_sim_sem": 0.006434460317064191, "eval_emb_cos_sim": 0.9954029321670532, "eval_emb_cos_sim_sem": 0.0003854444130019838, "eval_emb_top1_equal": 0.40625, "eval_emb_top1_equal_sem": 0.08820996638035214, "eval_runtime": 52.3238, "eval_samples_per_second": 3.822, "eval_steps_per_second": 0.134, "_eval_args": {"alias": "jailbreak", "prompt": "06_please_tellme", "max_seq_length": 64, "num_samples": 200, "embedder_model_name": "meta-llama/Llama-2-7b-hf", "dataset": "anthropic_toxic_prompts", "gpt_version": "gpt-3.5-turbo-0613", "take_first_line": true}}