{"eval_pred_num_tokens": 63.40625, "eval_true_num_tokens": 23.359375, "eval_token_set_precision": 0.49702807355631606, "eval_token_set_recall": 0.17862331440524248, "eval_token_set_f1": 0.24902268318163287, "eval_token_set_f1_sem": 0.009350700537862649, "eval_n_ngrams_match_1": 8.325, "eval_n_ngrams_match_2": 4.075, "eval_n_ngrams_match_3": 3.225, "eval_num_true_words": 18.045, "eval_num_pred_words": 59.855, "eval_bleu_score": 6.641703874976281, "eval_bleu_score_sem": 0.5415039825569395, "eval_exact_match": 0.0, "eval_exact_match_sem": 0.0, "eval_ada_emb_cos_sim_mean": 0.6744178533554077, "eval_ada_emb_cos_sim_sem": 0.011456156164700788, "eval_emb_cos_sim": 0.9938253164291382, "eval_emb_cos_sim_sem": 0.0004989612283606638, "eval_emb_top1_equal": 0.03125, "eval_emb_top1_equal_sem": 0.031249999465179028, "eval_runtime": 55.775, "eval_samples_per_second": 3.586, "eval_steps_per_second": 0.126, "_eval_args": {"alias": "jailbreak", "prompt": "01_output_newline", "max_seq_length": 64, "num_samples": 200, "embedder_model_name": "meta-llama/Llama-2-7b-chat-hf", "dataset": "python_code_alpaca", "gpt_version": "gpt-3.5-turbo-0613", "take_first_line": true}}