{"eval_loss": 0.958933413028717, "eval_accuracy": 0.4609375, "eval_pred_num_tokens": 23.559999465942383, "eval_true_num_tokens": 23.309999465942383, "eval_token_set_precision": 0.7624282646656055, "eval_token_set_recall": 0.7732010498983755, "eval_token_set_f1": 0.7658978284514164, "eval_token_set_f1_sem": 0.018640336759182086, "eval_n_ngrams_match_1": 12.64, "eval_n_ngrams_match_2": 8.27, "eval_n_ngrams_match_3": 6.02, "eval_num_true_words": 18.02, "eval_num_pred_words": 18.38, "eval_bleu_score": 48.761835417355634, "eval_bleu_score_sem": 2.9079280640204117, "eval_rouge_score": 0.7435053112312306, "eval_exact_match": 0.07, "eval_exact_match_sem": 0.02564323999762428, "eval_ada_emb_cos_sim_mean": 0.0, "eval_ada_emb_cos_sim_sem": 0.0, "eval_emb_cos_sim": 0.9988713264465332, "eval_emb_cos_sim_sem": 0.00015021736702170373, "eval_emb_top1_equal": 0.625, "eval_emb_top1_equal_sem": 0.08695104001533173, "eval_perplexity": 2.608912357006703, "eval_runtime": 14.6588, "eval_samples_per_second": 6.822, "eval_steps_per_second": 0.273, "_eval_args": {"alias": "jxm/t5-base__llama-7b-chat__one-million-instructions__emb", "dataset": "python_code_alpaca", "num_samples": 100, "batch_size": 32, "embedder_model_name": "meta-llama/Llama-2-7b-chat-hf"}}