{"eval_loss": 2.3478262424468994, "eval_accuracy": 0.829765625, "eval_pred_num_tokens": 55.921875, "eval_true_num_tokens": 23.359375, "eval_token_set_precision": 0.337015763826575, "eval_token_set_recall": 0.17325578895411525, "eval_token_set_f1": 0.22348375696974596, "eval_token_set_f1_sem": 0.006094210107763626, "eval_n_ngrams_match_1": 6.09, "eval_n_ngrams_match_2": 1.175, "eval_n_ngrams_match_3": 0.435, "eval_num_true_words": 18.045, "eval_num_pred_words": 44.775, "eval_bleu_score": 2.4656130776217986, "eval_bleu_score_sem": 0.14391875226775205, "eval_rouge_score": 0.1924479482002319, "eval_exact_match": 0.0, "eval_exact_match_sem": 0.0, "eval_ada_emb_cos_sim_mean": 0.7563297748565674, "eval_ada_emb_cos_sim_sem": 0.0027861129427099954, "eval_emb_cos_sim": 0.9972180128097534, "eval_emb_cos_sim_sem": NaN, "eval_emb_top1_equal": 1.0, "eval_emb_top1_equal_sem": NaN, "eval_perplexity": 10.462801393721085, "eval_runtime": 158.1221, "eval_samples_per_second": 1.265, "eval_steps_per_second": 1.265, "_eval_args": {"alias": "jxm/t5-base__llama-7b-chat__one-million-instructions", "dataset": "python_code_alpaca", "num_samples": 200, "embedder_model_name": "meta-llama/Llama-2-13b-chat-hf"}}