{"eval_loss": 0.9752609133720398, "eval_accuracy": 0.664453125, "eval_pred_num_tokens": 22.0, "eval_true_num_tokens": 22.125, "eval_token_set_precision": 0.7371070741049456, "eval_token_set_recall": 0.7498377335383914, "eval_token_set_f1": 0.7415814211747246, "eval_token_set_f1_sem": 0.029463608444796927, "eval_n_ngrams_match_1": 12.075, "eval_n_ngrams_match_2": 7.95, "eval_n_ngrams_match_3": 5.525, "eval_num_true_words": 17.25, "eval_num_pred_words": 17.1, "eval_bleu_score": 44.53532692749146, "eval_bleu_score_sem": 4.256612743846388, "eval_rouge_score": 0.726339366485453, "eval_exact_match": 0.05, "eval_exact_match_sem": 0.03489912202260563, "eval_ada_emb_cos_sim_mean": 0.0, "eval_ada_emb_cos_sim_sem": 0.0, "eval_emb_cos_sim": 0.9991732835769653, "eval_emb_cos_sim_sem": 0.0001698128527651105, "eval_emb_top1_equal": 0.65625, "eval_emb_top1_equal_sem": 0.08530513182399643, "eval_perplexity": 2.6518590262074624, "eval_runtime": 11.9644, "eval_samples_per_second": 3.343, "eval_steps_per_second": 0.167, "_eval_args": {"alias": "jxm/t5-base__llama-7b__one-million-instructions__emb", "dataset": "python_code_alpaca", "num_samples": 40, "embedder_model_name": "meta-llama/Llama-2-7b-hf"}}