{"eval_pred_num_tokens": 21.296875, "eval_true_num_tokens": 17.8515625, "eval_token_set_precision": 0.893876098778274, "eval_token_set_recall": 0.895155933215083, "eval_token_set_f1": 0.889160190200272, "eval_token_set_f1_sem": 0.017373053037603524, "eval_n_ngrams_match_1": 12.74, "eval_n_ngrams_match_2": 11.53, "eval_n_ngrams_match_3": 10.54, "eval_num_true_words": 14.825, "eval_num_pred_words": 16.095, "eval_bleu_score": 84.00403403388862, "eval_bleu_score_sem": 2.235592221607621, "eval_exact_match": 0.725, "eval_exact_match_sem": 0.03165255790786193, "eval_ada_emb_cos_sim_mean": 0.9737290740013123, "eval_ada_emb_cos_sim_sem": 0.004544667279478171, "eval_emb_cos_sim": 0.9978045225143433, "eval_emb_cos_sim_sem": 0.0019824733026325703, "eval_emb_top1_equal": 0.75, "eval_emb_top1_equal_sem": 0.25, "eval_runtime": 317.2179, "eval_samples_per_second": 0.63, "eval_steps_per_second": 0.158, "_eval_args": {"alias": "jailbreak", "prompt": "07_please_tellme_colon", "max_seq_length": 64, "num_samples": 200, "embedder_model_name": "meta-llama/Llama-2-13b-hf", "dataset": "anthropic_toxic_prompts", "gpt_version": "gpt-3.5-turbo-0613", "take_first_line": true}}