{"eval_pred_num_tokens": 38.2578125, "eval_true_num_tokens": 23.3359375, "eval_token_set_precision": 0.3597976687701941, "eval_token_set_recall": 0.2717367512455776, "eval_token_set_f1": 0.2981836728247437, "eval_token_set_f1_sem": 0.00907116236512624, "eval_n_ngrams_match_1": 5.785, "eval_n_ngrams_match_2": 2.16, "eval_n_ngrams_match_3": 1.01, "eval_num_true_words": 18.03, "eval_num_pred_words": 27.04, "eval_bleu_score": 6.832646684994761, "eval_bleu_score_sem": 0.44083598062310253, "eval_exact_match": 0.0, "eval_exact_match_sem": 0.0, "eval_ada_emb_cos_sim_mean": 0.8028207421302795, "eval_ada_emb_cos_sim_sem": 0.0035364630332081603, "eval_emb_cos_sim": 0.9968446493148804, "eval_emb_cos_sim_sem": 0.0002367382512797314, "eval_emb_top1_equal": 0.96875, "eval_emb_top1_equal_sem": 0.031249999465179028, "eval_runtime": 1589.4621, "eval_samples_per_second": 0.126, "eval_steps_per_second": 0.004, "_eval_args": {"alias": "fewshot", "prompt": "00_output_simple", "max_seq_length": 64, "num_samples": 200, "embedder_model_name": "meta-llama/Llama-2-7b-chat-hf", "dataset": "python_code_alpaca", "gpt_version": "gpt-4-0613", "take_first_line": false}}