{"eval_loss": 4.568349838256836, "eval_accuracy": 0.80453125, "eval_pred_num_tokens": 52.015625, "eval_true_num_tokens": 17.8515625, "eval_token_set_precision": 0.116603735872238, "eval_token_set_recall": 0.057267987485255925, "eval_token_set_f1": 0.07008077895366939, "eval_token_set_f1_sem": 0.004454368294619429, "eval_n_ngrams_match_1": 1.875, "eval_n_ngrams_match_2": 0.065, "eval_n_ngrams_match_3": 0.015, "eval_num_true_words": 14.825, "eval_num_pred_words": 43.965, "eval_bleu_score": 0.8052910056702822, "eval_bleu_score_sem": 0.0508985166441716, "eval_rouge_score": 0.05486572291520576, "eval_exact_match": 0.0, "eval_exact_match_sem": 0.0, "eval_ada_emb_cos_sim_mean": 0.7069413661956787, "eval_ada_emb_cos_sim_sem": 0.0020073375687781666, "eval_emb_cos_sim": 0.9949538707733154, "eval_emb_cos_sim_sem": NaN, "eval_emb_top1_equal": 1.0, "eval_emb_top1_equal_sem": NaN, "eval_perplexity": 96.38492775053288, "eval_runtime": 128.4599, "eval_samples_per_second": 1.557, "eval_steps_per_second": 1.557, "_eval_args": {"alias": "jxm/t5-base__llama-7b-chat__one-million-instructions", "dataset": "anthropic_toxic_prompts", "num_samples": 200, "embedder_model_name": "meta-llama/Llama-2-13b-chat-hf"}}