{"eval_pred_num_tokens": 69.3671875, "eval_true_num_tokens": 23.359375, "eval_token_set_precision": 0.36730155317771784, "eval_token_set_recall": 0.12937167956262516, "eval_token_set_f1": 0.1788152185574193, "eval_token_set_f1_sem": 0.006885872328981464, "eval_n_ngrams_match_1": 6.27, "eval_n_ngrams_match_2": 1.43, "eval_n_ngrams_match_3": 1.015, "eval_num_true_words": 18.045, "eval_num_pred_words": 66.84, "eval_bleu_score": 2.5311396854348684, "eval_bleu_score_sem": 0.3064295560119624, "eval_exact_match": 0.0, "eval_exact_match_sem": 0.0, "eval_ada_emb_cos_sim_mean": 0.7216197848320007, "eval_ada_emb_cos_sim_sem": 0.004690607591310025, "eval_emb_cos_sim": 0.9946503639221191, "eval_emb_cos_sim_sem": 0.000539831694137992, "eval_emb_top1_equal": 0.0625, "eval_emb_top1_equal_sem": 0.043475520007665865, "eval_runtime": 53.3803, "eval_samples_per_second": 3.747, "eval_steps_per_second": 0.131, "_eval_args": {"alias": "jailbreak", "prompt": "09_memory", "max_seq_length": 64, "num_samples": 200, "embedder_model_name": "meta-llama/Llama-2-7b-chat-hf", "dataset": "python_code_alpaca", "gpt_version": "gpt-3.5-turbo-0613", "take_first_line": true}}