{"eval_pred_num_tokens": 29.625, "eval_true_num_tokens": 23.359375, "eval_token_set_precision": 0.7072457030117419, "eval_token_set_recall": 0.5794595047318339, "eval_token_set_f1": 0.620197316877925, "eval_token_set_f1_sem": 0.017934828881749094, "eval_n_ngrams_match_1": 12.965, "eval_n_ngrams_match_2": 10.65, "eval_n_ngrams_match_3": 9.64, "eval_num_true_words": 18.045, "eval_num_pred_words": 24.275, "eval_bleu_score": 39.96427898973099, "eval_bleu_score_sem": 2.180459952397265, "eval_exact_match": 0.01, "eval_exact_match_sem": 0.007053278933842965, "eval_ada_emb_cos_sim_mean": 0.8927873373031616, "eval_ada_emb_cos_sim_sem": 0.006198736681192005, "eval_emb_cos_sim": 0.9996182918548584, "eval_emb_cos_sim_sem": 0.0002816653286572546, "eval_emb_top1_equal": 0.75, "eval_emb_top1_equal_sem": 0.25, "eval_runtime": 315.0641, "eval_samples_per_second": 0.635, "eval_steps_per_second": 0.159, "_eval_args": {"alias": "jailbreak", "prompt": "03_ignore_colon", "max_seq_length": 64, "num_samples": 200, "embedder_model_name": "meta-llama/Llama-2-13b-hf", "dataset": "python_code_alpaca", "gpt_version": "gpt-3.5-turbo-0613", "take_first_line": true}}