{"eval_pred_num_tokens": 14.9921875, "eval_true_num_tokens": 23.3359375, "eval_token_set_precision": 0.2588039147163667, "eval_token_set_recall": 0.3572806642746659, "eval_token_set_f1": 0.28673196551789126, "eval_token_set_f1_sem": 0.01260730777133803, "eval_n_ngrams_match_1": 4.22, "eval_n_ngrams_match_2": 1.185, "eval_n_ngrams_match_3": 0.53, "eval_num_true_words": 18.03, "eval_num_pred_words": 11.87, "eval_bleu_score": 6.349644433794733, "eval_bleu_score_sem": 0.5594970279231217, "eval_exact_match": 0.0, "eval_exact_match_sem": 0.0, "eval_ada_emb_cos_sim_mean": 0.7701032161712646, "eval_ada_emb_cos_sim_sem": 0.005016127722112702, "eval_emb_cos_sim": 0.9968305826187134, "eval_emb_cos_sim_sem": 0.0005380827234018852, "eval_emb_top1_equal": 0.28125, "eval_emb_top1_equal_sem": 0.08075219744018285, "eval_runtime": 541.3442, "eval_samples_per_second": 0.369, "eval_steps_per_second": 0.013, "_eval_args": {"alias": "fewshot", "prompt": "00_output_simple", "max_seq_length": 64, "num_samples": 200, "embedder_model_name": "meta-llama/Llama-2-7b-hf", "dataset": "python_code_alpaca", "gpt_version": "gpt-4-0613", "take_first_line": false}}