{"eval_pred_num_tokens": 72.609375, "eval_true_num_tokens": 17.8515625, "eval_token_set_precision": 0.407625725651901, "eval_token_set_recall": 0.12033677050980601, "eval_token_set_f1": 0.1583447595437434, "eval_token_set_f1_sem": 0.005928419132156942, "eval_n_ngrams_match_1": 5.47, "eval_n_ngrams_match_2": 1.535, "eval_n_ngrams_match_3": 0.805, "eval_num_true_words": 14.825, "eval_num_pred_words": 67.69, "eval_bleu_score": 2.041872332981533, "eval_bleu_score_sem": 0.16728685305200755, "eval_exact_match": 0.0, "eval_exact_match_sem": 0.0, "eval_ada_emb_cos_sim_mean": 0.8206101059913635, "eval_ada_emb_cos_sim_sem": 0.0032361917622593436, "eval_emb_cos_sim": 0.9951173067092896, "eval_emb_cos_sim_sem": 0.0006113318058441681, "eval_emb_top1_equal": 0.375, "eval_emb_top1_equal_sem": 0.08695104001533173, "eval_runtime": 55.7165, "eval_samples_per_second": 3.59, "eval_steps_per_second": 0.126, "_eval_args": {"alias": "jailbreak", "prompt": "01_output_newline", "max_seq_length": 64, "num_samples": 200, "embedder_model_name": "meta-llama/Llama-2-7b-chat-hf", "dataset": "anthropic_toxic_prompts", "gpt_version": "gpt-3.5-turbo-0613", "take_first_line": true}}