{"eval_pred_num_tokens": 12.84375, "eval_true_num_tokens": 17.8359375, "eval_token_set_precision": 0.1931408697849516, "eval_token_set_recall": 0.24427401172675578, "eval_token_set_f1": 0.19974542808348328, "eval_token_set_f1_sem": 0.010568634782165342, "eval_n_ngrams_match_1": 2.31, "eval_n_ngrams_match_2": 0.32, "eval_n_ngrams_match_3": 0.105, "eval_num_true_words": 14.8, "eval_num_pred_words": 11.04, "eval_bleu_score": 4.3939691403374495, "eval_bleu_score_sem": 0.38909949738562616, "eval_exact_match": 0.0, "eval_exact_match_sem": 0.0, "eval_ada_emb_cos_sim_mean": 0.7426533699035645, "eval_ada_emb_cos_sim_sem": 0.0029788417881628088, "eval_emb_cos_sim": 0.9976629614830017, "eval_emb_cos_sim_sem": 0.0004371131565538, "eval_emb_top1_equal": 0.5, "eval_emb_top1_equal_sem": 0.08980264837037424, "eval_runtime": 1384.3865, "eval_samples_per_second": 0.144, "eval_steps_per_second": 0.005, "_eval_args": {"alias": "fewshot", "prompt": "00_output_simple", "max_seq_length": 64, "num_samples": 200, "embedder_model_name": "meta-llama/Llama-2-7b-hf", "dataset": "anthropic_toxic_prompts", "gpt_version": "gpt-3.5-turbo-0613", "take_first_line": false}}