{"eval_loss": 1.4640192985534668, "eval_accuracy": 0.86578125, "eval_pred_num_tokens": 35.14999771118164, "eval_true_num_tokens": 29.51999855041504, "eval_token_set_precision": 0.4611693778951734, "eval_token_set_recall": 0.42363090147941873, "eval_token_set_f1": 0.4307603561112121, "eval_token_set_f1_sem": 0.018427271704939362, "eval_n_ngrams_match_1": 10.15, "eval_n_ngrams_match_2": 4.87, "eval_n_ngrams_match_3": 3.17, "eval_num_true_words": 23.13, "eval_num_pred_words": 27.1, "eval_bleu_score": 17.113421512684653, "eval_bleu_score_sem": 2.0118038280683783, "eval_rouge_score": 0.38132992279758776, "eval_exact_match": 0.02, "eval_exact_match_sem": 0.014070529413628968, "eval_ada_emb_cos_sim_mean": 0.0, "eval_ada_emb_cos_sim_sem": 0.0, "eval_emb_cos_sim": 0.9985923767089844, "eval_emb_cos_sim_sem": NaN, "eval_emb_top1_equal": 0.0, "eval_emb_top1_equal_sem": NaN, "eval_perplexity": 4.3233012927671, "eval_runtime": 219.2968, "eval_samples_per_second": 0.456, "eval_steps_per_second": 0.456, "_eval_args": {"alias": "jxm/t5-base__llama-7b-chat__one-million-instructions__emb", "dataset": "one_million_instructions", "num_samples": 100, "batch_size": 32, "embedder_model_name": "meta-llama/Llama-2-70b-chat-hf"}}