{"eval_pred_num_tokens": 29.015625, "eval_true_num_tokens": 17.8515625, "eval_token_set_precision": 0.4224967196754202, "eval_token_set_recall": 0.37547764816217877, "eval_token_set_f1": 0.3804487531559495, "eval_token_set_f1_sem": 0.02464995005626206, "eval_n_ngrams_match_1": 6.425, "eval_n_ngrams_match_2": 4.865, "eval_n_ngrams_match_3": 4.315, "eval_num_true_words": 14.825, "eval_num_pred_words": 24.77, "eval_bleu_score": 25.649319100419508, "eval_bleu_score_sem": 2.4199115862322262, "eval_exact_match": 0.055, "eval_exact_match_sem": 0.016161092305986408, "eval_ada_emb_cos_sim_mean": 0.8406492471694946, "eval_ada_emb_cos_sim_sem": 0.007309639099557299, "eval_emb_cos_sim": 0.997466504573822, "eval_emb_cos_sim_sem": 0.0019039722392335534, "eval_emb_top1_equal": 0.75, "eval_emb_top1_equal_sem": 0.25, "eval_runtime": 314.597, "eval_samples_per_second": 0.636, "eval_steps_per_second": 0.159, "_eval_args": {"alias": "jailbreak", "prompt": "09_memory", "max_seq_length": 64, "num_samples": 200, "embedder_model_name": "meta-llama/Llama-2-13b-hf", "dataset": "anthropic_toxic_prompts", "gpt_version": "gpt-3.5-turbo-0613", "take_first_line": true}}