{"eval_pred_num_tokens": 18.546875, "eval_true_num_tokens": 23.359375, "eval_token_set_precision": 0.4835411198460988, "eval_token_set_recall": 0.5275320899860378, "eval_token_set_f1": 0.49480497970830034, "eval_token_set_f1_sem": 0.029694234476872153, "eval_n_ngrams_match_1": 8.58, "eval_n_ngrams_match_2": 7.24, "eval_n_ngrams_match_3": 6.77, "eval_num_true_words": 18.045, "eval_num_pred_words": 14.415, "eval_bleu_score": 41.722517153219684, "eval_bleu_score_sem": 3.277593378037431, "eval_exact_match": 0.285, "eval_exact_match_sem": 0.03199992148231573, "eval_ada_emb_cos_sim_mean": 0.7822263836860657, "eval_ada_emb_cos_sim_sem": 0.01168940946841463, "eval_emb_cos_sim": 0.9970855712890625, "eval_emb_cos_sim_sem": 0.0004955316931992168, "eval_emb_top1_equal": 0.5, "eval_emb_top1_equal_sem": 0.08980264837037424, "eval_runtime": 54.3329, "eval_samples_per_second": 3.681, "eval_steps_per_second": 0.129, "_eval_args": {"alias": "jailbreak", "prompt": "09_memory", "max_seq_length": 64, "num_samples": 200, "embedder_model_name": "meta-llama/Llama-2-7b-hf", "dataset": "python_code_alpaca", "gpt_version": "gpt-3.5-turbo-0613", "take_first_line": true}}