{"eval_loss": 2.3643457889556885, "eval_accuracy": 0.386875, "eval_pred_num_tokens": 17.549999237060547, "eval_true_num_tokens": 17.479999542236328, "eval_token_set_precision": 0.5679423489278659, "eval_token_set_recall": 0.5653198818839563, "eval_token_set_f1": 0.5611984595258244, "eval_token_set_f1_sem": 0.02266850378524294, "eval_n_ngrams_match_1": 7.16, "eval_n_ngrams_match_2": 3.17, "eval_n_ngrams_match_3": 1.66, "eval_num_true_words": 14.4, "eval_num_pred_words": 14.22, "eval_bleu_score": 23.964365900634746, "eval_bleu_score_sem": 2.2301758456725906, "eval_rouge_score": 0.533561174457386, "eval_exact_match": 0.05, "eval_exact_match_sem": 0.021904291355759033, "eval_ada_emb_cos_sim_mean": 0.0, "eval_ada_emb_cos_sim_sem": 0.0, "eval_emb_cos_sim": 0.9967485666275024, "eval_emb_cos_sim_sem": 0.0006749138664995821, "eval_emb_top1_equal": 0.375, "eval_emb_top1_equal_sem": 0.08695104001533173, "eval_perplexity": 10.637077647045091, "eval_runtime": 14.3084, "eval_samples_per_second": 6.989, "eval_steps_per_second": 0.28, "_eval_args": {"alias": "jxm/t5-base__llama-7b__one-million-instructions__emb", "dataset": "anthropic_toxic_prompts", "num_samples": 100, "batch_size": 32, "embedder_model_name": "meta-llama/Llama-2-7b-hf"}}