{"eval_loss": 1.287156105041504, "eval_accuracy": 0.88296875, "eval_pred_num_tokens": 32.540000915527344, "eval_true_num_tokens": 29.51999855041504, "eval_token_set_precision": 0.567456658833384, "eval_token_set_recall": 0.5464705281559664, "eval_token_set_f1": 0.5486781575875037, "eval_token_set_f1_sem": 0.019376607817276584, "eval_n_ngrams_match_1": 12.26, "eval_n_ngrams_match_2": 7.47, "eval_n_ngrams_match_3": 5.42, "eval_num_true_words": 23.13, "eval_num_pred_words": 25.27, "eval_bleu_score": 27.097487981569397, "eval_bleu_score_sem": 2.1402163984891382, "eval_rouge_score": 0.4935476979104938, "eval_exact_match": 0.02, "eval_exact_match_sem": 0.014070529413628966, "eval_ada_emb_cos_sim_mean": 0.0, "eval_ada_emb_cos_sim_sem": 0.0, "eval_emb_cos_sim": 0.9955615997314453, "eval_emb_cos_sim_sem": NaN, "eval_emb_top1_equal": 0.0, "eval_emb_top1_equal_sem": NaN, "eval_perplexity": 3.6224699689793223, "eval_runtime": 64.9324, "eval_samples_per_second": 1.54, "eval_steps_per_second": 1.54, "_eval_args": {"alias": "jxm/t5-base__llama-7b__one-million-instructions__emb", "dataset": "one_million_instructions", "num_samples": 100, "batch_size": 32, "embedder_model_name": "meta-llama/Llama-2-13b-hf"}}