{"eval_loss": 1.5781135559082031, "eval_accuracy": 0.547421875, "eval_pred_num_tokens": 40.1328125, "eval_true_num_tokens": 30.109375, "eval_token_set_precision": 0.45376163040185064, "eval_token_set_recall": 0.3945640079032717, "eval_token_set_f1": 0.41026577852557794, "eval_token_set_f1_sem": 0.01238923359549947, "eval_n_ngrams_match_1": 10.53, "eval_n_ngrams_match_2": 5.0, "eval_n_ngrams_match_3": 3.29, "eval_num_true_words": 24.265, "eval_num_pred_words": 30.685, "eval_bleu_score": 15.109263889141012, "eval_bleu_score_sem": 1.2503457607771007, "eval_exact_match": 0.005, "eval_exact_match_sem": 0.005000000000000001, "eval_ada_emb_cos_sim_mean": 0.8508048057556152, "eval_ada_emb_cos_sim_sem": 0.0039102181247891304, "eval_emb_cos_sim": 0.9955495595932007, "eval_emb_cos_sim_sem": 0.0030388946179300547, "eval_emb_top1_equal": 0.5, "eval_emb_top1_equal_sem": 0.28867512941360474, "eval_perplexity": 4.845805841697857, "eval_runtime": 51.7998, "eval_samples_per_second": 3.861, "eval_steps_per_second": 0.965, "_eval_args": {"alias": "jxm/t5-base__llama-7b__one-million-paired-instructions", "dataset": "one_million_instructions", "num_samples": 200, "embedder_name": "meta-llama/Llama-2-13b-hf"}}