{"eval_pred_num_tokens": 45.75, "eval_true_num_tokens": 17.8515625, "eval_token_set_precision": 0.2762427057938069, "eval_token_set_recall": 0.24417400970756842, "eval_token_set_f1": 0.24078422507961922, "eval_token_set_f1_sem": 0.021628195628600706, "eval_n_ngrams_match_1": 5.095, "eval_n_ngrams_match_2": 3.64, "eval_n_ngrams_match_3": 3.225, "eval_num_true_words": 14.825, "eval_num_pred_words": 35.44, "eval_bleu_score": 13.451275392792168, "eval_bleu_score_sem": 1.985653663315601, "eval_exact_match": 0.04, "eval_exact_match_sem": 0.013891177924157585, "eval_ada_emb_cos_sim_mean": 0.7835367321968079, "eval_ada_emb_cos_sim_sem": 0.0071660505818723534, "eval_emb_cos_sim": 0.9996513724327087, "eval_emb_cos_sim_sem": 0.00020407492411322892, "eval_emb_top1_equal": 1.0, "eval_emb_top1_equal_sem": 0.0, "eval_runtime": 314.8285, "eval_samples_per_second": 0.635, "eval_steps_per_second": 0.159, "_eval_args": {"alias": "jailbreak", "prompt": "08_recall_dinosaur", "max_seq_length": 64, "num_samples": 200, "embedder_model_name": "meta-llama/Llama-2-13b-hf", "dataset": "anthropic_toxic_prompts", "gpt_version": "gpt-3.5-turbo-0613", "take_first_line": true}}