{"eval_pred_num_tokens": 15.515625, "eval_true_num_tokens": 30.109375, "eval_token_set_precision": 0.2467091961981625, "eval_token_set_recall": 0.35884916899344604, "eval_token_set_f1": 0.25779701199581906, "eval_token_set_f1_sem": 0.016266648691041847, "eval_n_ngrams_match_1": 4.755, "eval_n_ngrams_match_2": 2.505, "eval_n_ngrams_match_3": 1.885, "eval_num_true_words": 24.265, "eval_num_pred_words": 12.77, "eval_bleu_score": 11.124489799189213, "eval_bleu_score_sem": 1.4052870360643714, "eval_exact_match": 0.0, "eval_exact_match_sem": 0.0, "eval_ada_emb_cos_sim_mean": 0.8105821013450623, "eval_ada_emb_cos_sim_sem": 0.005666287114584179, "eval_emb_cos_sim": 0.9967474341392517, "eval_emb_cos_sim_sem": 0.0019030985422432423, "eval_emb_top1_equal": 0.5, "eval_emb_top1_equal_sem": 0.28867512941360474, "eval_runtime": 313.0893, "eval_samples_per_second": 0.639, "eval_steps_per_second": 0.16, "_eval_args": {"alias": "jailbreak", "prompt": "01_output_newline", "max_seq_length": 64, "num_samples": 200, "embedder_model_name": "meta-llama/Llama-2-13b-chat-hf", "dataset": "one_million_instructions", "gpt_version": "gpt-3.5-turbo-0613", "take_first_line": true}}