{"eval_pred_num_tokens": 61.5234375, "eval_true_num_tokens": 23.359375, "eval_token_set_precision": 0.3341954391140063, "eval_token_set_recall": 0.12629589641562908, "eval_token_set_f1": 0.17093590540230472, "eval_token_set_f1_sem": 0.007407051138870996, "eval_n_ngrams_match_1": 5.69, "eval_n_ngrams_match_2": 1.72, "eval_n_ngrams_match_3": 1.18, "eval_num_true_words": 18.045, "eval_num_pred_words": 57.51, "eval_bleu_score": 2.926966569768098, "eval_bleu_score_sem": 0.3136288284300906, "eval_exact_match": 0.0, "eval_exact_match_sem": 0.0, "eval_ada_emb_cos_sim_mean": 0.6794043779373169, "eval_ada_emb_cos_sim_sem": 0.006058243322694578, "eval_emb_cos_sim": 0.9965256452560425, "eval_emb_cos_sim_sem": 0.00047850095020118046, "eval_emb_top1_equal": 0.0625, "eval_emb_top1_equal_sem": 0.043475520007665865, "eval_runtime": 51.8784, "eval_samples_per_second": 3.855, "eval_steps_per_second": 0.135, "_eval_args": {"alias": "jailbreak", "prompt": "12_copycat", "max_seq_length": 64, "num_samples": 200, "embedder_model_name": "meta-llama/Llama-2-7b-chat-hf", "dataset": "python_code_alpaca", "gpt_version": "gpt-3.5-turbo-0613", "take_first_line": true}}