{"eval_loss": 2.8747470378875732, "eval_accuracy": 0.87171875, "eval_pred_num_tokens": 19.189998626708984, "eval_true_num_tokens": 17.479999542236328, "eval_token_set_precision": 0.4778088760201778, "eval_token_set_recall": 0.4268833269370269, "eval_token_set_f1": 0.4428754431509519, "eval_token_set_f1_sem": 0.021544248627217554, "eval_n_ngrams_match_1": 5.79, "eval_n_ngrams_match_2": 2.0, "eval_n_ngrams_match_3": 0.89, "eval_num_true_words": 14.4, "eval_num_pred_words": 15.83, "eval_bleu_score": 14.616042697666218, "eval_bleu_score_sem": 1.8616701901402102, "eval_rouge_score": 0.4129164064505211, "eval_exact_match": 0.03, "eval_exact_match_sem": 0.017144660799776532, "eval_ada_emb_cos_sim_mean": 0.0, "eval_ada_emb_cos_sim_sem": 0.0, "eval_emb_cos_sim": 0.9937247633934021, "eval_emb_cos_sim_sem": NaN, "eval_emb_top1_equal": 0.0, "eval_emb_top1_equal_sem": NaN, "eval_perplexity": 17.72094082780784, "eval_runtime": 50.9781, "eval_samples_per_second": 1.962, "eval_steps_per_second": 1.962, "_eval_args": {"alias": "jxm/t5-base__llama-7b__one-million-instructions__emb", "dataset": "anthropic_toxic_prompts", "num_samples": 100, "batch_size": 32, "embedder_model_name": "meta-llama/Llama-2-13b-hf"}}