{"eval_pred_num_tokens": 75.46875, "eval_true_num_tokens": 17.8515625, "eval_token_set_precision": 0.42844225353976256, "eval_token_set_recall": 0.12705547365902972, "eval_token_set_f1": 0.168186682954939, "eval_token_set_f1_sem": 0.006172632151492383, "eval_n_ngrams_match_1": 5.68, "eval_n_ngrams_match_2": 1.945, "eval_n_ngrams_match_3": 1.145, "eval_num_true_words": 14.825, "eval_num_pred_words": 67.985, "eval_bleu_score": 2.700693869445664, "eval_bleu_score_sem": 0.24100767841750545, "eval_exact_match": 0.0, "eval_exact_match_sem": 0.0, "eval_ada_emb_cos_sim_mean": 0.7969351410865784, "eval_ada_emb_cos_sim_sem": 0.004149060364033319, "eval_emb_cos_sim": 0.9947531223297119, "eval_emb_cos_sim_sem": 0.0007507235346250288, "eval_emb_top1_equal": 0.28125, "eval_emb_top1_equal_sem": 0.08075219744018285, "eval_runtime": 53.2948, "eval_samples_per_second": 3.753, "eval_steps_per_second": 0.131, "_eval_args": {"alias": "jailbreak", "prompt": "11_return", "max_seq_length": 64, "num_samples": 200, "embedder_model_name": "meta-llama/Llama-2-7b-chat-hf", "dataset": "anthropic_toxic_prompts", "gpt_version": "gpt-3.5-turbo-0613", "take_first_line": true}}