{"eval_loss": 2.552349328994751, "eval_accuracy": 0.80640625, "eval_pred_num_tokens": 52.0625, "eval_true_num_tokens": 30.109375, "eval_token_set_precision": 0.21197735794661562, "eval_token_set_recall": 0.16128618301475953, "eval_token_set_f1": 0.17229190380640663, "eval_token_set_f1_sem": 0.007695159084811844, "eval_n_ngrams_match_1": 5.495, "eval_n_ngrams_match_2": 1.085, "eval_n_ngrams_match_3": 0.545, "eval_num_true_words": 24.265, "eval_num_pred_words": 42.87, "eval_bleu_score": 2.867204247458826, "eval_bleu_score_sem": 0.40942472257966345, "eval_rouge_score": 0.12799918143710093, "eval_exact_match": 0.0, "eval_exact_match_sem": 0.0, "eval_ada_emb_cos_sim_mean": 0.738415002822876, "eval_ada_emb_cos_sim_sem": 0.0033815678331567574, "eval_emb_cos_sim": 0.9942708611488342, "eval_emb_cos_sim_sem": NaN, "eval_emb_top1_equal": 1.0, "eval_emb_top1_equal_sem": NaN, "eval_perplexity": 12.83722725403563, "eval_runtime": 135.3259, "eval_samples_per_second": 1.478, "eval_steps_per_second": 1.478, "_eval_args": {"alias": "jxm/t5-base__llama-7b-chat__one-million-instructions", "dataset": "one_million_instructions", "num_samples": 200, "embedder_model_name": "meta-llama/Llama-2-13b-chat-hf"}}