{"eval_pred_num_tokens": 44.9296875, "eval_true_num_tokens": 23.359375, "eval_token_set_precision": 0.6464388519404656, "eval_token_set_recall": 0.413671744671177, "eval_token_set_f1": 0.4771870324379156, "eval_token_set_f1_sem": 0.015398158488230443, "eval_n_ngrams_match_1": 10.905, "eval_n_ngrams_match_2": 7.685, "eval_n_ngrams_match_3": 6.14, "eval_num_true_words": 18.045, "eval_num_pred_words": 35.25, "eval_bleu_score": 28.244916472053937, "eval_bleu_score_sem": 1.7702930250819828, "eval_exact_match": 0.0, "eval_exact_match_sem": 0.0, "eval_ada_emb_cos_sim_mean": 0.8337740302085876, "eval_ada_emb_cos_sim_sem": 0.013412220906885338, "eval_emb_cos_sim": 0.9996336102485657, "eval_emb_cos_sim_sem": 0.00013123449753038585, "eval_emb_top1_equal": 0.5, "eval_emb_top1_equal_sem": 0.28867512941360474, "eval_runtime": 315.0174, "eval_samples_per_second": 0.635, "eval_steps_per_second": 0.159, "_eval_args": {"alias": "jailbreak", "prompt": "08_recall_dinosaur", "max_seq_length": 64, "num_samples": 200, "embedder_model_name": "meta-llama/Llama-2-13b-chat-hf", "dataset": "python_code_alpaca", "gpt_version": "gpt-3.5-turbo-0613", "take_first_line": true}}