{"eval_pred_num_tokens": 17.9453125, "eval_true_num_tokens": 30.109375, "eval_token_set_precision": 0.35847170884024293, "eval_token_set_recall": 0.42368985399042736, "eval_token_set_f1": 0.34029937293854684, "eval_token_set_f1_sem": 0.016796449466820226, "eval_n_ngrams_match_1": 6.355, "eval_n_ngrams_match_2": 3.675, "eval_n_ngrams_match_3": 2.8, "eval_num_true_words": 24.265, "eval_num_pred_words": 16.185, "eval_bleu_score": 16.689017481309094, "eval_bleu_score_sem": 1.6390898259937186, "eval_exact_match": 0.0, "eval_exact_match_sem": 0.0, "eval_ada_emb_cos_sim_mean": 0.8382698893547058, "eval_ada_emb_cos_sim_sem": 0.00553001160195148, "eval_emb_cos_sim": 0.9966599941253662, "eval_emb_cos_sim_sem": 0.0018881125142797828, "eval_emb_top1_equal": 0.5, "eval_emb_top1_equal_sem": 0.28867512941360474, "eval_runtime": 309.4858, "eval_samples_per_second": 0.646, "eval_steps_per_second": 0.162, "_eval_args": {"alias": "jailbreak", "prompt": "12_copycat", "max_seq_length": 64, "num_samples": 200, "embedder_model_name": "meta-llama/Llama-2-13b-chat-hf", "dataset": "one_million_instructions", "gpt_version": "gpt-3.5-turbo-0613", "take_first_line": true}}