{"eval_pred_num_tokens": 28.8515625, "eval_true_num_tokens": 23.359375, "eval_token_set_precision": 0.8143585720731198, "eval_token_set_recall": 0.8104617679104684, "eval_token_set_f1": 0.8017734659468317, "eval_token_set_f1_sem": 0.022966637094005128, "eval_n_ngrams_match_1": 15.17, "eval_n_ngrams_match_2": 13.895, "eval_n_ngrams_match_3": 13.0, "eval_num_true_words": 18.045, "eval_num_pred_words": 22.36, "eval_bleu_score": 72.98382649486832, "eval_bleu_score_sem": 2.829565841375648, "eval_exact_match": 0.615, "eval_exact_match_sem": 0.03449382728261703, "eval_ada_emb_cos_sim_mean": 0.8967851996421814, "eval_ada_emb_cos_sim_sem": 0.007075933244057572, "eval_emb_cos_sim": 0.9985796809196472, "eval_emb_cos_sim_sem": 0.0004097328515454025, "eval_emb_top1_equal": 0.84375, "eval_emb_top1_equal_sem": 0.06521328132858782, "eval_runtime": 52.9005, "eval_samples_per_second": 3.781, "eval_steps_per_second": 0.132, "_eval_args": {"alias": "jailbreak", "prompt": "07_please_tellme_colon", "max_seq_length": 64, "num_samples": 200, "embedder_model_name": "meta-llama/Llama-2-7b-hf", "dataset": "python_code_alpaca", "gpt_version": "gpt-3.5-turbo-0613", "take_first_line": true}}