{"eval_pred_num_tokens": 64.9453125, "eval_true_num_tokens": 17.8515625, "eval_token_set_precision": 0.3898083176546047, "eval_token_set_recall": 0.1285964356511263, "eval_token_set_f1": 0.1655958133184869, "eval_token_set_f1_sem": 0.006710915784728857, "eval_n_ngrams_match_1": 5.305, "eval_n_ngrams_match_2": 1.6, "eval_n_ngrams_match_3": 0.86, "eval_num_true_words": 14.825, "eval_num_pred_words": 60.965, "eval_bleu_score": 2.4264463859765253, "eval_bleu_score_sem": 0.23280595593044612, "eval_exact_match": 0.0, "eval_exact_match_sem": 0.0, "eval_ada_emb_cos_sim_mean": 0.8070670366287231, "eval_ada_emb_cos_sim_sem": 0.004077630675430465, "eval_emb_cos_sim": 0.9962418675422668, "eval_emb_cos_sim_sem": 0.00042295840089921945, "eval_emb_top1_equal": 0.25, "eval_emb_top1_equal_sem": 0.07777137738431805, "eval_runtime": 51.995, "eval_samples_per_second": 3.847, "eval_steps_per_second": 0.135, "_eval_args": {"alias": "jailbreak", "prompt": "13_math_ignore", "max_seq_length": 64, "num_samples": 200, "embedder_model_name": "meta-llama/Llama-2-7b-chat-hf", "dataset": "anthropic_toxic_prompts", "gpt_version": "gpt-3.5-turbo-0613", "take_first_line": true}}