{"eval_pred_num_tokens": 66.8515625, "eval_true_num_tokens": 23.359375, "eval_token_set_precision": 0.502568774937296, "eval_token_set_recall": 0.17718723002218542, "eval_token_set_f1": 0.24842691902746172, "eval_token_set_f1_sem": 0.008368639235084626, "eval_n_ngrams_match_1": 8.43, "eval_n_ngrams_match_2": 3.755, "eval_n_ngrams_match_3": 2.78, "eval_num_true_words": 18.045, "eval_num_pred_words": 62.035, "eval_bleu_score": 5.8193389717331225, "eval_bleu_score_sem": 0.45257194529443195, "eval_exact_match": 0.0, "eval_exact_match_sem": 0.0, "eval_ada_emb_cos_sim_mean": 0.7740238308906555, "eval_ada_emb_cos_sim_sem": 0.005127578214136878, "eval_emb_cos_sim": 0.9949823617935181, "eval_emb_cos_sim_sem": 0.0005153421937244799, "eval_emb_top1_equal": 0.0625, "eval_emb_top1_equal_sem": 0.043475520007665865, "eval_runtime": 54.7324, "eval_samples_per_second": 3.654, "eval_steps_per_second": 0.128, "_eval_args": {"alias": "jailbreak", "prompt": "04_ignore_output", "max_seq_length": 64, "num_samples": 200, "embedder_model_name": "meta-llama/Llama-2-7b-chat-hf", "dataset": "python_code_alpaca", "gpt_version": "gpt-3.5-turbo-0613", "take_first_line": true}}