{"eval_loss": 0.8261298537254333, "eval_accuracy": 0.4128125, "eval_pred_num_tokens": 29.9921875, "eval_true_num_tokens": 30.109375, "eval_token_set_precision": 0.759621100324057, "eval_token_set_recall": 0.7950585058784605, "eval_token_set_f1": 0.774147826199958, "eval_token_set_f1_sem": 0.014230815157101255, "eval_n_ngrams_match_1": 16.94, "eval_n_ngrams_match_2": 12.97, "eval_n_ngrams_match_3": 10.6, "eval_num_true_words": 24.265, "eval_num_pred_words": 23.635, "eval_bleu_score": 59.21237543955294, "eval_bleu_score_sem": 2.1113244351588096, "eval_exact_match": 0.23, "eval_exact_match_sem": 0.029832025555495197, "eval_ada_emb_cos_sim_mean": 0.943442702293396, "eval_ada_emb_cos_sim_sem": 0.003861168149327758, "eval_emb_cos_sim": 0.9985146522521973, "eval_emb_cos_sim_sem": 0.00044001174020568594, "eval_emb_top1_equal": 0.5625, "eval_emb_top1_equal_sem": 0.08909830077477232, "eval_perplexity": 2.284460413851327, "eval_runtime": 16.7977, "eval_samples_per_second": 11.906, "eval_steps_per_second": 0.417, "_eval_args": {"alias": "jxm/t5-base__llama-7b__one-million-paired-instructions", "dataset": "one_million_instructions", "num_samples": 200, "embedder_name": "meta-llama/Llama-2-7b-hf"}}