{"eval_pred_num_tokens": 10.1953125, "eval_true_num_tokens": 17.8359375, "eval_token_set_precision": 0.17828650037510452, "eval_token_set_recall": 0.2313731823731825, "eval_token_set_f1": 0.18803075655955426, "eval_token_set_f1_sem": 0.009956296130244013, "eval_n_ngrams_match_1": 2.04, "eval_n_ngrams_match_2": 0.27, "eval_n_ngrams_match_3": 0.125, "eval_num_true_words": 14.8, "eval_num_pred_words": 8.39, "eval_bleu_score": 4.514026385643238, "eval_bleu_score_sem": 0.46131706028757774, "eval_exact_match": 0.0, "eval_exact_match_sem": 0.0, "eval_ada_emb_cos_sim_mean": 0.747261643409729, "eval_ada_emb_cos_sim_sem": 0.002402392492216428, "eval_emb_cos_sim": 0.9936729669570923, "eval_emb_cos_sim_sem": 0.00043002528317341376, "eval_emb_top1_equal": 0.1875, "eval_emb_top1_equal_sem": 0.0701021735102378, "eval_runtime": 950.1372, "eval_samples_per_second": 0.21, "eval_steps_per_second": 0.007, "_eval_args": {"alias": "fewshot", "prompt": "00_output_simple", "max_seq_length": 64, "num_samples": 200, "embedder_model_name": "meta-llama/Llama-2-7b-hf", "dataset": "anthropic_toxic_prompts", "gpt_version": "gpt-4-0613", "take_first_line": false}}