{"eval_pred_num_tokens": 38.6640625, "eval_true_num_tokens": 23.3359375, "eval_token_set_precision": 0.34495459567927567, "eval_token_set_recall": 0.26233209871050583, "eval_token_set_f1": 0.28720731114747383, "eval_token_set_f1_sem": 0.009505544262816693, "eval_n_ngrams_match_1": 5.515, "eval_n_ngrams_match_2": 1.895, "eval_n_ngrams_match_3": 0.92, "eval_num_true_words": 18.03, "eval_num_pred_words": 26.695, "eval_bleu_score": 6.573692092978287, "eval_bleu_score_sem": 0.5169784554732512, "eval_exact_match": 0.0, "eval_exact_match_sem": 0.0, "eval_ada_emb_cos_sim_mean": 0.7969210743904114, "eval_ada_emb_cos_sim_sem": 0.0035038176648584407, "eval_emb_cos_sim": 0.99733567237854, "eval_emb_cos_sim_sem": 0.00014106902106317685, "eval_emb_top1_equal": 0.96875, "eval_emb_top1_equal_sem": 0.031249999465179028, "eval_runtime": 1526.4789, "eval_samples_per_second": 0.131, "eval_steps_per_second": 0.005, "_eval_args": {"alias": "fewshot", "prompt": "00_output_simple", "max_seq_length": 64, "num_samples": 200, "embedder_model_name": "meta-llama/Llama-2-7b-chat-hf", "dataset": "python_code_alpaca", "gpt_version": "gpt-3.5-turbo-0613", "take_first_line": false}}