{"ndcg": {"NDCG@1": 0.20713, "NDCG@3": 0.25978, "NDCG@5": 0.28391, "NDCG@10": 0.30602, "NDCG@100": 0.34866, "NDCG@1000": 0.36856}, "_map": {"MAP@1": 0.18262, "MAP@3": 0.23695, "MAP@5": 0.2507, "MAP@10": 0.26012, "MAP@100": 0.26903, "MAP@1000": 0.26972}, "recall": {"Recall@1": 0.18262, "Recall@3": 0.30082, "Recall@5": 0.35656, "Recall@10": 0.42128, "Recall@100": 0.61469, "Recall@1000": 0.76859}, "precision": {"P@1": 0.20713, "P@3": 0.11559, "P@5": 0.08302, "P@10": 0.04965, "P@100": 0.00736, "P@1000": 0.00093}}