{"ndcg": {"NDCG@1": 0.26419, "NDCG@3": 0.35268, "NDCG@5": 0.38705, "NDCG@10": 0.42034, "NDCG@100": 0.46761, "NDCG@1000": 0.48197}, "_map": {"MAP@1": 0.23602, "MAP@3": 0.32003, "MAP@5": 0.33999, "MAP@10": 0.35454, "MAP@100": 0.36491, "MAP@1000": 0.36547}, "recall": {"Recall@1": 0.23602, "Recall@3": 0.41797, "Recall@5": 0.49792, "Recall@10": 0.59536, "Recall@100": 0.807, "Recall@1000": 0.91606}, "precision": {"P@1": 0.26419, "P@3": 0.15971, "P@5": 0.11547, "P@10": 0.0701, "P@100": 0.00973, "P@1000": 0.00111}}