{"ndcg": {"NDCG@1": 0.8083, "NDCG@3": 0.85013, "NDCG@5": 0.86546, "NDCG@10": 0.87901, "NDCG@100": 0.89156, "NDCG@1000": 0.89276}, "_map": {"MAP@1": 0.70258, "MAP@3": 0.81195, "MAP@5": 0.83008, "MAP@10": 0.84126, "MAP@100": 0.8477, "MAP@1000": 0.84788}, "recall": {"Recall@1": 0.70258, "Recall@3": 0.86833, "Recall@5": 0.91201, "Recall@10": 0.95147, "Recall@100": 0.99406, "Recall@1000": 0.99965}, "precision": {"P@1": 0.8083, "P@3": 0.37153, "P@5": 0.2441, "P@10": 0.13346, "P@100": 0.01526, "P@1000": 0.00157}}