{"ndcg": {"NDCG@1": 0.15647, "NDCG@3": 0.24856, "NDCG@5": 0.28448, "NDCG@10": 0.32781, "NDCG@100": 0.38476, "NDCG@1000": 0.40212}, "_map": {"MAP@1": 0.15647, "MAP@3": 0.22475, "MAP@5": 0.24445, "MAP@10": 0.26251, "MAP@100": 0.27367, "MAP@1000": 0.27424}, "recall": {"Recall@1": 0.15647, "Recall@3": 0.31792, "Recall@5": 0.40612, "Recall@10": 0.53912, "Recall@100": 0.81081, "Recall@1000": 0.95235}, "precision": {"P@1": 0.15647, "P@3": 0.10597, "P@5": 0.08122, "P@10": 0.05391, "P@100": 0.00811, "P@1000": 0.00095}}