{"ndcg": {"NDCG@1": 0.0, "NDCG@3": 0.0, "NDCG@5": 0.0, "NDCG@10": 0.0, "NDCG@100": 0.00104, "NDCG@1000": 0.00307}, "_map": {"MAP@1": 0.0, "MAP@3": 0.0, "MAP@5": 0.0, "MAP@10": 0.0, "MAP@100": 4e-05, "MAP@1000": 5e-05}, "recall": {"Recall@1": 0.0, "Recall@3": 0.0, "Recall@5": 0.0, "Recall@10": 0.0, "Recall@100": 0.00158, "Recall@1000": 0.0055}, "precision": {"P@1": 0.0, "P@3": 0.0, "P@5": 0.0, "P@10": 0.0, "P@100": 0.00116, "P@1000": 0.00042}}