{"ndcg": {"NDCG@1": 0.72, "NDCG@3": 0.6562, "NDCG@5": 0.63507, "NDCG@10": 0.61171, "NDCG@100": 0.42694, "NDCG@1000": 0.33566}, "_map": {"MAP@1": 0.00202, "MAP@3": 0.00525, "MAP@5": 0.00796, "MAP@10": 0.01379, "MAP@100": 0.06413, "MAP@1000": 0.13444}, "recall": {"Recall@1": 0.00202, "Recall@3": 0.0055, "Recall@5": 0.00876, "Recall@10": 0.01626, "Recall@100": 0.09449, "Recall@1000": 0.30701}, "precision": {"P@1": 0.8, "P@3": 0.72, "P@5": 0.692, "P@10": 0.67, "P@100": 0.4358, "P@1000": 0.15156}}