{"ndcg": {"NDCG@1": 0.278, "NDCG@3": 0.2787, "NDCG@5": 0.2729, "NDCG@10": 0.27344, "NDCG@100": 0.32073, "NDCG@1000": 0.35364}, "_map": {"MAP@1": 0.13052, "MAP@3": 0.17475, "MAP@5": 0.1882, "MAP@10": 0.20129, "MAP@100": 0.21691, "MAP@1000": 0.21893}, "recall": {"Recall@1": 0.13052, "Recall@3": 0.20851, "Recall@5": 0.24308, "Recall@10": 0.29204, "Recall@100": 0.45885, "Recall@1000": 0.6317}, "precision": {"P@1": 0.278, "P@3": 0.19467, "P@5": 0.1496, "P@10": 0.1016, "P@100": 0.01932, "P@1000": 0.00279}}