{"ndcg": {"NDCG@1": 0.28, "NDCG@3": 0.279, "NDCG@5": 0.27412, "NDCG@10": 0.27257, "NDCG@100": 0.3197, "NDCG@1000": 0.35321}, "_map": {"MAP@1": 0.13116, "MAP@3": 0.17483, "MAP@5": 0.18857, "MAP@10": 0.20094, "MAP@100": 0.21666, "MAP@1000": 0.21875}, "recall": {"Recall@1": 0.13116, "Recall@3": 0.20911, "Recall@5": 0.24513, "Recall@10": 0.29044, "Recall@100": 0.45529, "Recall@1000": 0.63127}, "precision": {"P@1": 0.28, "P@3": 0.19467, "P@5": 0.1512, "P@10": 0.1006, "P@100": 0.01916, "P@1000": 0.00278}}