{"ndcg": {"NDCG@1": 0.26174, "NDCG@3": 0.39774, "NDCG@5": 0.44558, "NDCG@10": 0.49292, "NDCG@100": 0.53654, "NDCG@1000": 0.54141}, "_map": {"MAP@1": 0.26174, "MAP@3": 0.36285, "MAP@5": 0.38927, "MAP@10": 0.40893, "MAP@100": 0.41889, "MAP@1000": 0.41911}, "recall": {"Recall@1": 0.26174, "Recall@3": 0.49929, "Recall@5": 0.61593, "Recall@10": 0.76174, "Recall@100": 0.9559, "Recall@1000": 0.99218}, "precision": {"P@1": 0.26174, "P@3": 0.16643, "P@5": 0.12319, "P@10": 0.07617, "P@100": 0.00956, "P@1000": 0.00099}}