{"ndcg": {"NDCG@1": 0.0, "NDCG@3": 0.00045, "NDCG@5": 0.00045, "NDCG@10": 0.00045, "NDCG@100": 0.00237, "NDCG@1000": 0.01364}, "_map": {"MAP@1": 0.0, "MAP@3": 0.00036, "MAP@5": 0.00036, "MAP@10": 0.00036, "MAP@100": 0.00061, "MAP@1000": 0.00085}, "recall": {"Recall@1": 0.0, "Recall@3": 0.00071, "Recall@5": 0.00071, "Recall@10": 0.00071, "Recall@100": 0.01138, "Recall@1000": 0.11166}, "precision": {"P@1": 0.0, "P@3": 0.00024, "P@5": 0.00014, "P@10": 7e-05, "P@100": 0.00011, "P@1000": 0.00011}}