{"ndcg": {"NDCG@1": 0.147, "NDCG@3": 0.1126, "NDCG@5": 0.103, "NDCG@10": 0.12465, "NDCG@100": 0.17919, "NDCG@1000": 0.22609}, "_map": {"MAP@1": 0.02998, "MAP@3": 0.04925, "MAP@5": 0.06035, "MAP@10": 0.07024, "MAP@100": 0.08172, "MAP@1000": 0.08396}, "recall": {"Recall@1": 0.02998, "Recall@3": 0.06248, "Recall@5": 0.09238, "Recall@10": 0.13213, "Recall@100": 0.29463, "Recall@1000": 0.52438}, "precision": {"P@1": 0.147, "P@3": 0.10267, "P@5": 0.0912, "P@10": 0.065, "P@100": 0.01451, "P@1000": 0.00258}}