{"ndcg": {"NDCG@1": 0.69, "NDCG@3": 0.63224, "NDCG@5": 0.61409, "NDCG@10": 0.59061, "NDCG@100": 0.41045, "NDCG@1000": 0.32123}, "_map": {"MAP@1": 0.00191, "MAP@3": 0.00503, "MAP@5": 0.00754, "MAP@10": 0.0129, "MAP@100": 0.06043, "MAP@1000": 0.12565}, "recall": {"Recall@1": 0.00191, "Recall@3": 0.00536, "Recall@5": 0.00845, "Recall@10": 0.01537, "Recall@100": 0.09115, "Recall@1000": 0.29201}, "precision": {"P@1": 0.74, "P@3": 0.69333, "P@5": 0.672, "P@10": 0.64, "P@100": 0.4186, "P@1000": 0.14534}}