{"ndcg": {"NDCG@1": 0.27632, "NDCG@3": 0.24697, "NDCG@5": 0.23587, "NDCG@10": 0.23365, "NDCG@100": 0.22492, "NDCG@1000": 0.30354}, "_map": {"MAP@1": 0.01159, "MAP@3": 0.02152, "MAP@5": 0.02888, "MAP@10": 0.04793, "MAP@100": 0.0843, "MAP@1000": 0.09724}, "recall": {"Recall@1": 0.01159, "Recall@3": 0.02609, "Recall@5": 0.03658, "Recall@10": 0.07931, "Recall@100": 0.24214, "Recall@1000": 0.44565}, "precision": {"P@1": 0.40351, "P@3": 0.35088, "P@5": 0.3193, "P@10": 0.29649, "P@100": 0.09947, "P@1000": 0.0216}}