{"ndcg": {"NDCG@1": 0.27433, "NDCG@3": 0.36321, "NDCG@5": 0.39917, "NDCG@10": 0.43331, "NDCG@100": 0.47851, "NDCG@1000": 0.49286}, "_map": {"MAP@1": 0.24481, "MAP@3": 0.33024, "MAP@5": 0.3512, "MAP@10": 0.36651, "MAP@100": 0.37623, "MAP@1000": 0.37678}, "recall": {"Recall@1": 0.24481, "Recall@3": 0.42893, "Recall@5": 0.5118, "Recall@10": 0.61126, "Recall@100": 0.81484, "Recall@1000": 0.92442}, "precision": {"P@1": 0.27433, "P@3": 0.16396, "P@5": 0.119, "P@10": 0.0721, "P@100": 0.00983, "P@1000": 0.00112}}