{"ndcg": {"NDCG@1": 0.27115, "NDCG@3": 0.3623, "NDCG@5": 0.39793, "NDCG@10": 0.4316, "NDCG@100": 0.47716, "NDCG@1000": 0.49145}, "_map": {"MAP@1": 0.24191, "MAP@3": 0.32877, "MAP@5": 0.3496, "MAP@10": 0.36469, "MAP@100": 0.37451, "MAP@1000": 0.37506}, "recall": {"Recall@1": 0.24191, "Recall@3": 0.42985, "Recall@5": 0.5118, "Recall@10": 0.60989, "Recall@100": 0.81484, "Recall@1000": 0.92369}, "precision": {"P@1": 0.27115, "P@3": 0.16425, "P@5": 0.11895, "P@10": 0.07196, "P@100": 0.00983, "P@1000": 0.00112}}