{"ndcg": {"NDCG@1": 0.75194, "NDCG@3": 0.72417, "NDCG@5": 0.71513, "NDCG@10": 0.68464, "NDCG@100": 0.60391, "NDCG@1000": 0.67629}, "_map": {"MAP@1": 0.02293, "MAP@3": 0.06613, "MAP@5": 0.09507, "MAP@10": 0.14675, "MAP@100": 0.36009, "MAP@1000": 0.42771}, "recall": {"Recall@1": 0.02293, "Recall@3": 0.06772, "Recall@5": 0.09837, "Recall@10": 0.15716, "Recall@100": 0.47869, "Recall@1000": 0.73737}, "precision": {"P@1": 0.93023, "P@3": 0.87597, "P@5": 0.85116, "P@10": 0.76744, "P@100": 0.35535, "P@1000": 0.06547}}