{"ndcg": {"NDCG@1": 0.0, "NDCG@3": 0.0, "NDCG@5": 0.00135, "NDCG@10": 0.00088, "NDCG@100": 0.00092, "NDCG@1000": 0.00286}, "_map": {"MAP@1": 0.0, "MAP@3": 0.0, "MAP@5": 5e-05, "MAP@10": 5e-05, "MAP@100": 9e-05, "MAP@1000": 0.00011}, "recall": {"Recall@1": 0.0, "Recall@3": 0.0, "Recall@5": 0.00026, "Recall@10": 0.00026, "Recall@100": 0.00107, "Recall@1000": 0.00672}, "precision": {"P@1": 0.0, "P@3": 0.0, "P@5": 0.00206, "P@10": 0.00103, "P@100": 0.00031, "P@1000": 0.00013}}