{"ndcg": {"NDCG@1": 0.12182, "NDCG@3": 0.1061, "NDCG@5": 0.1189, "NDCG@10": 0.13511, "NDCG@100": 0.18308, "NDCG@1000": 0.21324}, "_map": {"MAP@1": 0.05212, "MAP@3": 0.07447, "MAP@5": 0.08265, "MAP@10": 0.08906, "MAP@100": 0.09828, "MAP@1000": 0.09953}, "recall": {"Recall@1": 0.05212, "Recall@3": 0.1003, "Recall@5": 0.13284, "Recall@10": 0.17097, "Recall@100": 0.34331, "Recall@1000": 0.51746}, "precision": {"P@1": 0.12182, "P@3": 0.07839, "P@5": 0.06319, "P@10": 0.04143, "P@100": 0.00915, "P@1000": 0.00147}}