{"ndcg": {"NDCG@1": 0.02, "NDCG@3": 0.01173, "NDCG@5": 0.00848, "NDCG@10": 0.0055, "NDCG@100": 0.00229, "NDCG@1000": 0.00447}, "_map": {"MAP@1": 5e-05, "MAP@3": 6e-05, "MAP@5": 6e-05, "MAP@10": 6e-05, "MAP@100": 7e-05, "MAP@1000": 0.0001}, "recall": {"Recall@1": 5e-05, "Recall@3": 9e-05, "Recall@5": 9e-05, "Recall@10": 9e-05, "Recall@100": 0.00044, "Recall@1000": 0.00539}, "precision": {"P@1": 0.02, "P@3": 0.01333, "P@5": 0.008, "P@10": 0.004, "P@100": 0.002, "P@1000": 0.00276}}