{"ndcg": {"NDCG@1": 0.31633, "NDCG@3": 0.32681, "NDCG@5": 0.30338, "NDCG@10": 0.29205, "NDCG@100": 0.39168, "NDCG@1000": 0.49894}, "_map": {"MAP@1": 0.02789, "MAP@3": 0.06744, "MAP@5": 0.08961, "MAP@10": 0.12693, "MAP@100": 0.18412, "MAP@1000": 0.19883}, "recall": {"Recall@1": 0.02789, "Recall@3": 0.08242, "Recall@5": 0.11857, "Recall@10": 0.19515, "Recall@100": 0.47846, "Recall@1000": 0.80029}, "precision": {"P@1": 0.36735, "P@3": 0.36054, "P@5": 0.31837, "P@10": 0.26939, "P@100": 0.07796, "P@1000": 0.01492}}