{"ndcg": {"NDCG@1": 0.41237, "NDCG@3": 0.33264, "NDCG@5": 0.30205, "NDCG@10": 0.26074, "NDCG@100": 0.26824, "NDCG@1000": 0.33423}, "_map": {"MAP@1": 0.0305, "MAP@3": 0.06005, "MAP@5": 0.07511, "MAP@10": 0.09738, "MAP@100": 0.1333, "MAP@1000": 0.14059}, "recall": {"Recall@1": 0.0305, "Recall@3": 0.06207, "Recall@5": 0.08535, "Recall@10": 0.12012, "Recall@100": 0.26959, "Recall@1000": 0.48239}, "precision": {"P@1": 0.4433, "P@3": 0.32302, "P@5": 0.28247, "P@10": 0.21134, "P@100": 0.05371, "P@1000": 0.01001}}