{"ndcg": {"NDCG@1": 0.0, "NDCG@3": 0.0003, "NDCG@5": 0.00021, "NDCG@10": 0.00041, "NDCG@100": 0.00164, "NDCG@1000": 0.00749}, "_map": {"MAP@1": 0.0, "MAP@3": 0.0001, "MAP@5": 0.0001, "MAP@10": 0.00014, "MAP@100": 0.00025, "MAP@1000": 0.00034}, "recall": {"Recall@1": 0.0, "Recall@3": 0.0002, "Recall@5": 0.0002, "Recall@10": 0.0006, "Recall@100": 0.0044, "Recall@1000": 0.03485}, "precision": {"P@1": 0.0, "P@3": 0.00033, "P@5": 0.0002, "P@10": 0.0003, "P@100": 0.00022, "P@1000": 0.00017}}