{"ndcg": {"NDCG@1": 0.21368, "NDCG@3": 0.18568, "NDCG@5": 0.20046, "NDCG@10": 0.23376, "NDCG@100": 0.29988, "NDCG@1000": 0.33394}, "_map": {"MAP@1": 0.09646, "MAP@3": 0.13378, "MAP@5": 0.14623, "MAP@10": 0.16098, "MAP@100": 0.17676, "MAP@1000": 0.17854}, "recall": {"Recall@1": 0.09646, "Recall@3": 0.17072, "Recall@5": 0.21302, "Recall@10": 0.28986, "Recall@100": 0.51935, "Recall@1000": 0.71151}, "precision": {"P@1": 0.21368, "P@3": 0.13702, "P@5": 0.10567, "P@10": 0.0742, "P@100": 0.01441, "P@1000": 0.00207}}