{"ndcg": {"NDCG@1": 0.252, "NDCG@3": 0.24082, "NDCG@5": 0.23211, "NDCG@10": 0.23012, "NDCG@100": 0.27302, "NDCG@1000": 0.30354}, "_map": {"MAP@1": 0.10267, "MAP@3": 0.14072, "MAP@5": 0.15339, "MAP@10": 0.16446, "MAP@100": 0.17878, "MAP@1000": 0.18055}, "recall": {"Recall@1": 0.10267, "Recall@3": 0.16792, "Recall@5": 0.20157, "Recall@10": 0.24282, "Recall@100": 0.3924, "Recall@1000": 0.55302}, "precision": {"P@1": 0.252, "P@3": 0.17667, "P@5": 0.1356, "P@10": 0.0916, "P@100": 0.01796, "P@1000": 0.00259}}