{"ndcg": {"NDCG@1": 0.74419, "NDCG@3": 0.72005, "NDCG@5": 0.71245, "NDCG@10": 0.68745, "NDCG@100": 0.6048, "NDCG@1000": 0.67682}, "_map": {"MAP@1": 0.02293, "MAP@3": 0.06613, "MAP@5": 0.09531, "MAP@10": 0.14746, "MAP@100": 0.36103, "MAP@1000": 0.42863}, "recall": {"Recall@1": 0.02293, "Recall@3": 0.06772, "Recall@5": 0.09867, "Recall@10": 0.15753, "Recall@100": 0.48008, "Recall@1000": 0.73771}, "precision": {"P@1": 0.93023, "P@3": 0.87597, "P@5": 0.85581, "P@10": 0.77209, "P@100": 0.35628, "P@1000": 0.06556}}