{"ndcg": {"NDCG@1": 0.0, "NDCG@3": 0.00296, "NDCG@5": 0.00214, "NDCG@10": 0.00484, "NDCG@100": 0.00811, "NDCG@1000": 0.01198}, "_map": {"MAP@1": 0.0, "MAP@3": 1e-05, "MAP@5": 1e-05, "MAP@10": 4e-05, "MAP@100": 0.0001, "MAP@1000": 0.00023}, "recall": {"Recall@1": 0.0, "Recall@3": 3e-05, "Recall@5": 3e-05, "Recall@10": 0.00019, "Recall@100": 0.00195, "Recall@1000": 0.01458}, "precision": {"P@1": 0.0, "P@3": 0.00667, "P@5": 0.004, "P@10": 0.01, "P@100": 0.0106, "P@1000": 0.00694}}