{"ndcg": {"NDCG@1": 0.0, "NDCG@3": 0.0, "NDCG@5": 0.00043, "NDCG@10": 0.00039, "NDCG@100": 0.00198, "NDCG@1000": 0.01088}, "_map": {"MAP@1": 0.0, "MAP@3": 0.0, "MAP@5": 0.00012, "MAP@10": 0.00012, "MAP@100": 0.00025, "MAP@1000": 0.00042}, "recall": {"Recall@1": 0.0, "Recall@3": 0.0, "Recall@5": 0.00053, "Recall@10": 0.00053, "Recall@100": 0.00769, "Recall@1000": 0.06913}, "precision": {"P@1": 0.0, "P@3": 0.0, "P@5": 0.00062, "P@10": 0.00031, "P@100": 0.00022, "P@1000": 0.00017}}