{"ndcg": {"NDCG@1": 0.0, "NDCG@3": 0.0, "NDCG@5": 0.0, "NDCG@10": 0.00111, "NDCG@100": 0.00293, "NDCG@1000": 0.01357}, "_map": {"MAP@1": 0.0, "MAP@3": 0.0, "MAP@5": 0.0, "MAP@10": 0.00031, "MAP@100": 0.00048, "MAP@1000": 0.00068}, "recall": {"Recall@1": 0.0, "Recall@3": 0.0, "Recall@5": 0.0, "Recall@10": 0.00247, "Recall@100": 0.01018, "Recall@1000": 0.08424}, "precision": {"P@1": 0.0, "P@3": 0.0, "P@5": 0.0, "P@10": 0.00077, "P@100": 0.00031, "P@1000": 0.00021}}