{"ndcg": {"NDCG@1": 0.75969, "NDCG@3": 0.70612, "NDCG@5": 0.69548, "NDCG@10": 0.64677, "NDCG@100": 0.52612, "NDCG@1000": 0.58755}, "_map": {"MAP@1": 0.02213, "MAP@3": 0.05845, "MAP@5": 0.08721, "MAP@10": 0.12626, "MAP@100": 0.28154, "MAP@1000": 0.32896}, "recall": {"Recall@1": 0.02213, "Recall@3": 0.06045, "Recall@5": 0.0942, "Recall@10": 0.13936, "Recall@100": 0.40005, "Recall@1000": 0.62937}, "precision": {"P@1": 0.95349, "P@3": 0.86047, "P@5": 0.8186, "P@10": 0.7093, "P@100": 0.30116, "P@1000": 0.05581}}