{"ndcg": {"NDCG@1": 0.54, "NDCG@3": 0.45285, "NDCG@5": 0.43659, "NDCG@10": 0.37821, "NDCG@100": 0.20687, "NDCG@1000": 0.13367}, "_map": {"MAP@1": 0.00156, "MAP@3": 0.00307, "MAP@5": 0.00437, "MAP@10": 0.00645, "MAP@100": 0.01945, "MAP@1000": 0.02938}, "recall": {"Recall@1": 0.00156, "Recall@3": 0.00344, "Recall@5": 0.00538, "Recall@10": 0.00874, "Recall@100": 0.04008, "Recall@1000": 0.11151}, "precision": {"P@1": 0.62, "P@3": 0.48, "P@5": 0.468, "P@10": 0.39, "P@100": 0.1928, "P@1000": 0.05552}}