{"ndcg": {"NDCG@1": 0.43625, "NDCG@3": 0.37933, "NDCG@5": 0.35284, "NDCG@10": 0.33228, "NDCG@100": 0.36821, "NDCG@1000": 0.43426}, "_map": {"MAP@1": 0.07192, "MAP@3": 0.11122, "MAP@5": 0.12705, "MAP@10": 0.14894, "MAP@100": 0.20323, "MAP@1000": 0.21536}, "recall": {"Recall@1": 0.07192, "Recall@3": 0.12659, "Recall@5": 0.15211, "Recall@10": 0.19766, "Recall@100": 0.42037, "Recall@1000": 0.62854}, "precision": {"P@1": 0.5525, "P@3": 0.4075, "P@5": 0.337, "P@10": 0.259, "P@100": 0.08143, "P@1000": 0.01734}}