{"ndcg": {"NDCG@1": 0.72868, "NDCG@3": 0.71728, "NDCG@5": 0.69503, "NDCG@10": 0.63265, "NDCG@100": 0.51686, "NDCG@1000": 0.57612}, "_map": {"MAP@1": 0.02184, "MAP@3": 0.05733, "MAP@5": 0.0866, "MAP@10": 0.12204, "MAP@100": 0.27409, "MAP@1000": 0.31907}, "recall": {"Recall@1": 0.02184, "Recall@3": 0.06131, "Recall@5": 0.09342, "Recall@10": 0.13557, "Recall@100": 0.38843, "Recall@1000": 0.61862}, "precision": {"P@1": 0.93023, "P@3": 0.88372, "P@5": 0.82326, "P@10": 0.69302, "P@100": 0.29674, "P@1000": 0.05447}}