{"ndcg": {"NDCG@1": 0.22606, "NDCG@3": 0.18964, "NDCG@5": 0.20766, "NDCG@10": 0.24198, "NDCG@100": 0.31041, "NDCG@1000": 0.34302}, "_map": {"MAP@1": 0.10091, "MAP@3": 0.13793, "MAP@5": 0.15205, "MAP@10": 0.16747, "MAP@100": 0.18385, "MAP@1000": 0.18559}, "recall": {"Recall@1": 0.10091, "Recall@3": 0.17315, "Recall@5": 0.22188, "Recall@10": 0.29974, "Recall@100": 0.53856, "Recall@1000": 0.72094}, "precision": {"P@1": 0.22606, "P@3": 0.13746, "P@5": 0.10879, "P@10": 0.07687, "P@100": 0.01493, "P@1000": 0.0021}}