{"ndcg": {"NDCG@1": 0.0, "NDCG@3": 0.00119, "NDCG@5": 0.00139, "NDCG@10": 0.00116, "NDCG@100": 0.00095, "NDCG@1000": 0.00511}, "_map": {"MAP@1": 0.0, "MAP@3": 4e-05, "MAP@5": 5e-05, "MAP@10": 6e-05, "MAP@100": 8e-05, "MAP@1000": 0.00012}, "recall": {"Recall@1": 0.0, "Recall@3": 7e-05, "Recall@5": 0.00015, "Recall@10": 0.00018, "Recall@100": 0.00083, "Recall@1000": 0.01313}, "precision": {"P@1": 0.0, "P@3": 0.00134, "P@5": 0.00161, "P@10": 0.0012, "P@100": 0.00068, "P@1000": 0.00063}}