{"ndcg": {"NDCG@1": 0.4725, "NDCG@3": 0.38833, "NDCG@5": 0.362, "NDCG@10": 0.34056, "NDCG@100": 0.37774, "NDCG@1000": 0.44517}, "_map": {"MAP@1": 0.07477, "MAP@3": 0.11263, "MAP@5": 0.12903, "MAP@10": 0.1525, "MAP@100": 0.21071, "MAP@1000": 0.22307}, "recall": {"Recall@1": 0.07477, "Recall@3": 0.12544, "Recall@5": 0.15129, "Recall@10": 0.2025, "Recall@100": 0.4343, "Recall@1000": 0.64367}, "precision": {"P@1": 0.595, "P@3": 0.41333, "P@5": 0.347, "P@10": 0.26425, "P@100": 0.08345, "P@1000": 0.0178}}