{"ndcg": {"NDCG@1": 0.11, "NDCG@3": 0.08598, "NDCG@5": 0.07511, "NDCG@10": 0.09179, "NDCG@100": 0.13814, "NDCG@1000": 0.18319}, "_map": {"MAP@1": 0.02242, "MAP@3": 0.03723, "MAP@5": 0.04325, "MAP@10": 0.04997, "MAP@100": 0.0586, "MAP@1000": 0.06043}, "recall": {"Recall@1": 0.02242, "Recall@3": 0.04785, "Recall@5": 0.0657, "Recall@10": 0.09668, "Recall@100": 0.23545, "Recall@1000": 0.4595}, "precision": {"P@1": 0.11, "P@3": 0.07867, "P@5": 0.0648, "P@10": 0.0476, "P@100": 0.0116, "P@1000": 0.00226}}