{"ndcg": {"NDCG@1": 0.64, "NDCG@3": 0.64358, "NDCG@5": 0.628, "NDCG@10": 0.58416, "NDCG@100": 0.36981, "NDCG@1000": 0.27147}, "_map": {"MAP@1": 0.00185, "MAP@3": 0.00506, "MAP@5": 0.00754, "MAP@10": 0.01256, "MAP@100": 0.04972, "MAP@1000": 0.09553}, "recall": {"Recall@1": 0.00185, "Recall@3": 0.00552, "Recall@5": 0.00852, "Recall@10": 0.01522, "Recall@100": 0.07861, "Recall@1000": 0.23808}, "precision": {"P@1": 0.76, "P@3": 0.72, "P@5": 0.688, "P@10": 0.622, "P@100": 0.3676, "P@1000": 0.11898}}