{"ndcg": {"NDCG@1": 0.46875, "NDCG@3": 0.38783, "NDCG@5": 0.36178, "NDCG@10": 0.33984, "NDCG@100": 0.3779, "NDCG@1000": 0.44475}, "_map": {"MAP@1": 0.07417, "MAP@3": 0.11236, "MAP@5": 0.12914, "MAP@10": 0.15226, "MAP@100": 0.21059, "MAP@1000": 0.22287}, "recall": {"Recall@1": 0.07417, "Recall@3": 0.12519, "Recall@5": 0.1528, "Recall@10": 0.20165, "Recall@100": 0.43619, "Recall@1000": 0.6427}, "precision": {"P@1": 0.5875, "P@3": 0.41167, "P@5": 0.346, "P@10": 0.264, "P@100": 0.08345, "P@1000": 0.01783}}