{"ndcg": {"NDCG@1": 0.00333, "NDCG@3": 0.00333, "NDCG@5": 0.00333, "NDCG@10": 0.00552, "NDCG@100": 0.01212, "NDCG@1000": 0.04087}, "_map": {"MAP@1": 0.00333, "MAP@3": 0.00333, "MAP@5": 0.00333, "MAP@10": 0.00426, "MAP@100": 0.00501, "MAP@1000": 0.00567}, "recall": {"Recall@1": 0.00333, "Recall@3": 0.00333, "Recall@5": 0.00333, "Recall@10": 0.01, "Recall@100": 0.04611, "Recall@1000": 0.29006}, "precision": {"P@1": 0.00333, "P@3": 0.00111, "P@5": 0.00067, "P@10": 0.001, "P@100": 0.00053, "P@1000": 0.00034}}