{"ndcg": {"NDCG@1": 0.33673, "NDCG@3": 0.35131, "NDCG@5": 0.31217, "NDCG@10": 0.30343, "NDCG@100": 0.40595, "NDCG@1000": 0.51327}, "_map": {"MAP@1": 0.03155, "MAP@3": 0.07558, "MAP@5": 0.09538, "MAP@10": 0.13577, "MAP@100": 0.19439, "MAP@1000": 0.20905}, "recall": {"Recall@1": 0.03155, "Recall@3": 0.09044, "Recall@5": 0.12032, "Recall@10": 0.19945, "Recall@100": 0.48784, "Recall@1000": 0.81772}, "precision": {"P@1": 0.38776, "P@3": 0.39456, "P@5": 0.31837, "P@10": 0.27755, "P@100": 0.08041, "P@1000": 0.01524}}