{"ndcg": {"NDCG@1": 0.29592, "NDCG@3": 0.26875, "NDCG@5": 0.26324, "NDCG@10": 0.23261, "NDCG@100": 0.28169, "NDCG@1000": 0.36065}, "_map": {"MAP@1": 0.02663, "MAP@3": 0.05285, "MAP@5": 0.06989, "MAP@10": 0.09226, "MAP@100": 0.12188, "MAP@1000": 0.1293}, "recall": {"Recall@1": 0.02663, "Recall@3": 0.06207, "Recall@5": 0.09365, "Recall@10": 0.14585, "Recall@100": 0.32581, "Recall@1000": 0.56882}, "precision": {"P@1": 0.34694, "P@3": 0.29932, "P@5": 0.28163, "P@10": 0.21429, "P@100": 0.05327, "P@1000": 0.01059}}