{"ndcg": {"NDCG@1": 0.16074, "NDCG@3": 0.24836, "NDCG@5": 0.28597, "NDCG@10": 0.32873, "NDCG@100": 0.38643, "NDCG@1000": 0.40368}, "_map": {"MAP@1": 0.16074, "MAP@3": 0.2257, "MAP@5": 0.24647, "MAP@10": 0.26437, "MAP@100": 0.27577, "MAP@1000": 0.27633}, "recall": {"Recall@1": 0.16074, "Recall@3": 0.31437, "Recall@5": 0.40612, "Recall@10": 0.53698, "Recall@100": 0.81152, "Recall@1000": 0.95235}, "precision": {"P@1": 0.16074, "P@3": 0.10479, "P@5": 0.08122, "P@10": 0.0537, "P@100": 0.00812, "P@1000": 0.00095}}