{"ndcg": {"NDCG@1": 0.45667, "NDCG@3": 0.52612, "NDCG@5": 0.55414, "NDCG@10": 0.57533, "NDCG@100": 0.60862, "NDCG@1000": 0.62229}, "_map": {"MAP@1": 0.43206, "MAP@3": 0.49806, "MAP@5": 0.5154, "MAP@10": 0.52643, "MAP@100": 0.53375, "MAP@1000": 0.53426}, "recall": {"Recall@1": 0.43206, "Recall@3": 0.57894, "Recall@5": 0.65083, "Recall@10": 0.70956, "Recall@100": 0.862, "Recall@1000": 0.97}, "precision": {"P@1": 0.45667, "P@3": 0.21, "P@5": 0.14267, "P@10": 0.08033, "P@100": 0.0098, "P@1000": 0.0011}}