{"ndcg": {"NDCG@1": 0.21451, "NDCG@3": 0.18392, "NDCG@5": 0.18763, "NDCG@10": 0.20801, "NDCG@100": 0.26656, "NDCG@1000": 0.30518}, "_map": {"MAP@1": 0.09766, "MAP@3": 0.13204, "MAP@5": 0.14118, "MAP@10": 0.15202, "MAP@100": 0.16434, "MAP@1000": 0.16611}, "recall": {"Recall@1": 0.09766, "Recall@3": 0.1598, "Recall@5": 0.19117, "Recall@10": 0.25106, "Recall@100": 0.47764, "Recall@1000": 0.71974}, "precision": {"P@1": 0.21451, "P@3": 0.125, "P@5": 0.08951, "P@10": 0.05972, "P@100": 0.01181, "P@1000": 0.00184}}