{"ndcg": {"NDCG@1": 0.24964, "NDCG@3": 0.39387, "NDCG@5": 0.44289, "NDCG@10": 0.48908, "NDCG@100": 0.53298, "NDCG@1000": 0.53796}, "_map": {"MAP@1": 0.24964, "MAP@3": 0.35799, "MAP@5": 0.38491, "MAP@10": 0.40408, "MAP@100": 0.41415, "MAP@1000": 0.41438}, "recall": {"Recall@1": 0.24964, "Recall@3": 0.49787, "Recall@5": 0.61807, "Recall@10": 0.76031, "Recall@100": 0.95519, "Recall@1000": 0.99218}, "precision": {"P@1": 0.24964, "P@3": 0.16596, "P@5": 0.12361, "P@10": 0.07603, "P@100": 0.00955, "P@1000": 0.00099}}