{"ndcg": {"NDCG@1": 0.43129, "NDCG@3": 0.4166, "NDCG@5": 0.40302, "NDCG@10": 0.37488, "NDCG@100": 0.39461, "NDCG@1000": 0.50135}, "_map": {"MAP@1": 0.0259, "MAP@3": 0.05183, "MAP@5": 0.06858, "MAP@10": 0.10372, "MAP@100": 0.20541, "MAP@1000": 0.23598}, "recall": {"Recall@1": 0.0259, "Recall@3": 0.06085, "Recall@5": 0.08529, "Recall@10": 0.14757, "Recall@100": 0.41827, "Recall@1000": 0.69241}, "precision": {"P@1": 0.63158, "P@3": 0.56725, "P@5": 0.50877, "P@10": 0.43333, "P@100": 0.1707, "P@1000": 0.03447}}