{"ndcg": {"NDCG@1": 0.42268, "NDCG@3": 0.34061, "NDCG@5": 0.29257, "NDCG@10": 0.25912, "NDCG@100": 0.25992, "NDCG@1000": 0.32843}, "_map": {"MAP@1": 0.02967, "MAP@3": 0.05823, "MAP@5": 0.06804, "MAP@10": 0.09325, "MAP@100": 0.1258, "MAP@1000": 0.13344}, "recall": {"Recall@1": 0.02967, "Recall@3": 0.06195, "Recall@5": 0.07555, "Recall@10": 0.11763, "Recall@100": 0.25801, "Recall@1000": 0.47559}, "precision": {"P@1": 0.4433, "P@3": 0.3299, "P@5": 0.26186, "P@10": 0.21031, "P@100": 0.05175, "P@1000": 0.01007}}