{"ndcg": {"NDCG@1": 0.48538, "NDCG@3": 0.43092, "NDCG@5": 0.42394, "NDCG@10": 0.40204, "NDCG@100": 0.41236, "NDCG@1000": 0.51862}, "_map": {"MAP@1": 0.01972, "MAP@3": 0.04982, "MAP@5": 0.06866, "MAP@10": 0.10819, "MAP@100": 0.21501, "MAP@1000": 0.24617}, "recall": {"Recall@1": 0.01972, "Recall@3": 0.06188, "Recall@5": 0.0881, "Recall@10": 0.15328, "Recall@100": 0.43339, "Recall@1000": 0.71375}, "precision": {"P@1": 0.66667, "P@3": 0.55556, "P@5": 0.5193, "P@10": 0.47018, "P@100": 0.18035, "P@1000": 0.03567}}