{"ndcg": {"NDCG@1": 0.26305, "NDCG@3": 0.23872, "NDCG@5": 0.21416, "NDCG@10": 0.19179, "NDCG@100": 0.14199, "NDCG@1000": 0.18893}, "_map": {"MAP@1": 0.00921, "MAP@3": 0.0174, "MAP@5": 0.02117, "MAP@10": 0.02721, "MAP@100": 0.04055, "MAP@1000": 0.04639}, "recall": {"Recall@1": 0.00921, "Recall@3": 0.02146, "Recall@5": 0.02987, "Recall@10": 0.04707, "Recall@100": 0.12483, "Recall@1000": 0.25746}, "precision": {"P@1": 0.27711, "P@3": 0.24632, "P@5": 0.21205, "P@10": 0.17671, "P@100": 0.06004, "P@1000": 0.01512}}