{"ndcg": {"NDCG@1": 0.266, "NDCG@3": 0.27017, "NDCG@5": 0.26395, "NDCG@10": 0.26144, "NDCG@100": 0.3085, "NDCG@1000": 0.34014}, "_map": {"MAP@1": 0.12559, "MAP@3": 0.17043, "MAP@5": 0.1832, "MAP@10": 0.19457, "MAP@100": 0.20919, "MAP@1000": 0.21112}, "recall": {"Recall@1": 0.12559, "Recall@3": 0.20653, "Recall@5": 0.23875, "Recall@10": 0.2785, "Recall@100": 0.44269, "Recall@1000": 0.60635}, "precision": {"P@1": 0.266, "P@3": 0.18867, "P@5": 0.1444, "P@10": 0.0958, "P@100": 0.01828, "P@1000": 0.00269}}