{"ndcg": {"NDCG@1": 0.0, "NDCG@3": 0.0, "NDCG@5": 0.00031, "NDCG@10": 0.00054, "NDCG@100": 0.00211, "NDCG@1000": 0.01363}, "_map": {"MAP@1": 0.0, "MAP@3": 0.0, "MAP@5": 0.00018, "MAP@10": 0.00028, "MAP@100": 0.00051, "MAP@1000": 0.00076}, "recall": {"Recall@1": 0.0, "Recall@3": 0.0, "Recall@5": 0.00071, "Recall@10": 0.00142, "Recall@100": 0.00996, "Recall@1000": 0.11238}, "precision": {"P@1": 0.0, "P@3": 0.0, "P@5": 0.00014, "P@10": 0.00014, "P@100": 0.0001, "P@1000": 0.00011}}