{"ndcg": {"NDCG@1": 0.76744, "NDCG@3": 0.72662, "NDCG@5": 0.71595, "NDCG@10": 0.68969, "NDCG@100": 0.60597, "NDCG@1000": 0.67803}, "_map": {"MAP@1": 0.02332, "MAP@3": 0.06665, "MAP@5": 0.09583, "MAP@10": 0.14777, "MAP@100": 0.36163, "MAP@1000": 0.42912}, "recall": {"Recall@1": 0.02332, "Recall@3": 0.06772, "Recall@5": 0.09867, "Recall@10": 0.15737, "Recall@100": 0.47962, "Recall@1000": 0.73733}, "precision": {"P@1": 0.95349, "P@3": 0.87597, "P@5": 0.85581, "P@10": 0.76977, "P@100": 0.35651, "P@1000": 0.06558}}