{"ndcg": {"NDCG@1": 0.27711, "NDCG@3": 0.26198, "NDCG@5": 0.23541, "NDCG@10": 0.20396, "NDCG@100": 0.15051, "NDCG@1000": 0.19791}, "_map": {"MAP@1": 0.01006, "MAP@3": 0.02094, "MAP@5": 0.02476, "MAP@10": 0.03014, "MAP@100": 0.04458, "MAP@1000": 0.05086}, "recall": {"Recall@1": 0.01006, "Recall@3": 0.02578, "Recall@5": 0.0337, "Recall@10": 0.04904, "Recall@100": 0.12976, "Recall@1000": 0.26393}, "precision": {"P@1": 0.29317, "P@3": 0.27443, "P@5": 0.23293, "P@10": 0.18434, "P@100": 0.06281, "P@1000": 0.01559}}