{"ndcg": {"NDCG@1": 0.74419, "NDCG@3": 0.72049, "NDCG@5": 0.70758, "NDCG@10": 0.67326, "NDCG@100": 0.59904, "NDCG@1000": 0.66975}, "_map": {"MAP@1": 0.02328, "MAP@3": 0.06692, "MAP@5": 0.09433, "MAP@10": 0.14758, "MAP@100": 0.35749, "MAP@1000": 0.42353}, "recall": {"Recall@1": 0.02328, "Recall@3": 0.06803, "Recall@5": 0.09688, "Recall@10": 0.15609, "Recall@100": 0.47201, "Recall@1000": 0.72673}, "precision": {"P@1": 0.90698, "P@3": 0.88372, "P@5": 0.84651, "P@10": 0.76512, "P@100": 0.35372, "P@1000": 0.06477}}