{"ndcg": {"NDCG@1": 0.01703, "NDCG@3": 0.01551, "NDCG@5": 0.01792, "NDCG@10": 0.01684, "NDCG@100": 0.03066, "NDCG@1000": 0.11545}, "_map": {"MAP@1": 0.00184, "MAP@3": 0.00278, "MAP@5": 0.00329, "MAP@10": 0.00344, "MAP@100": 0.00499, "MAP@1000": 0.00916}, "recall": {"Recall@1": 0.00184, "Recall@3": 0.00409, "Recall@5": 0.00616, "Recall@10": 0.00709, "Recall@100": 0.0451, "Recall@1000": 0.33815}, "precision": {"P@1": 0.01858, "P@3": 0.01651, "P@5": 0.0192, "P@10": 0.01548, "P@100": 0.01458, "P@1000": 0.01177}}