{"ndcg": {"NDCG@1": 0.46667, "NDCG@3": 0.5327, "NDCG@5": 0.55756, "NDCG@10": 0.5799, "NDCG@100": 0.61257, "NDCG@1000": 0.62659}, "_map": {"MAP@1": 0.44206, "MAP@3": 0.50472, "MAP@5": 0.52017, "MAP@10": 0.53163, "MAP@100": 0.53889, "MAP@1000": 0.53941}, "recall": {"Recall@1": 0.44206, "Recall@3": 0.58561, "Recall@5": 0.65017, "Recall@10": 0.71289, "Recall@100": 0.862, "Recall@1000": 0.97333}, "precision": {"P@1": 0.46667, "P@3": 0.21222, "P@5": 0.142, "P@10": 0.08067, "P@100": 0.0098, "P@1000": 0.0011}}