{"ndcg": {"NDCG@1": 0.8093, "NDCG@3": 0.85062, "NDCG@5": 0.86595, "NDCG@10": 0.87936, "NDCG@100": 0.892, "NDCG@1000": 0.89319}, "_map": {"MAP@1": 0.70342, "MAP@3": 0.81252, "MAP@5": 0.83066, "MAP@10": 0.84177, "MAP@100": 0.84826, "MAP@1000": 0.84843}, "recall": {"Recall@1": 0.70342, "Recall@3": 0.86848, "Recall@5": 0.91221, "Recall@10": 0.9512, "Recall@100": 0.99414, "Recall@1000": 0.99966}, "precision": {"P@1": 0.8093, "P@3": 0.37157, "P@5": 0.24412, "P@10": 0.1334, "P@100": 0.01526, "P@1000": 0.00157}}