{"ndcg": {"NDCG@1": 0.0014, "NDCG@3": 0.00218, "NDCG@5": 0.00263, "NDCG@10": 0.00337, "NDCG@100": 0.00715, "NDCG@1000": 0.01666}, "_map": {"MAP@1": 0.00104, "MAP@3": 0.00174, "MAP@5": 0.00199, "MAP@10": 0.00229, "MAP@100": 0.00284, "MAP@1000": 0.00309}, "recall": {"Recall@1": 0.00104, "Recall@3": 0.00257, "Recall@5": 0.00381, "Recall@10": 0.00602, "Recall@100": 0.02446, "Recall@1000": 0.09949}, "precision": {"P@1": 0.0014, "P@3": 0.00123, "P@5": 0.00104, "P@10": 0.00079, "P@100": 0.00034, "P@1000": 0.00014}}