{"ndcg": {"NDCG@1": 0.27711, "NDCG@3": 0.2594, "NDCG@5": 0.23607, "NDCG@10": 0.20503, "NDCG@100": 0.15091, "NDCG@1000": 0.19816}, "_map": {"MAP@1": 0.01006, "MAP@3": 0.02076, "MAP@5": 0.02483, "MAP@10": 0.03034, "MAP@100": 0.04479, "MAP@1000": 0.05106}, "recall": {"Recall@1": 0.01006, "Recall@3": 0.02547, "Recall@5": 0.03377, "Recall@10": 0.04865, "Recall@100": 0.12994, "Recall@1000": 0.26394}, "precision": {"P@1": 0.29317, "P@3": 0.27041, "P@5": 0.23373, "P@10": 0.18635, "P@100": 0.06301, "P@1000": 0.01561}}