{"ndcg": {"NDCG@1": 0.42667, "NDCG@3": 0.50085, "NDCG@5": 0.52661, "NDCG@10": 0.5507, "NDCG@100": 0.58424, "NDCG@1000": 0.60018}, "_map": {"MAP@1": 0.40206, "MAP@3": 0.47304, "MAP@5": 0.4891, "MAP@10": 0.5005, "MAP@100": 0.50795, "MAP@1000": 0.50853}, "recall": {"Recall@1": 0.40206, "Recall@3": 0.55356, "Recall@5": 0.61972, "Recall@10": 0.68983, "Recall@100": 0.841, "Recall@1000": 0.96833}, "precision": {"P@1": 0.42667, "P@3": 0.20111, "P@5": 0.136, "P@10": 0.07767, "P@100": 0.00963, "P@1000": 0.0011}}