{"ndcg": {"NDCG@1": 0.7, "NDCG@3": 0.6662, "NDCG@5": 0.63676, "NDCG@10": 0.61039, "NDCG@100": 0.42656, "NDCG@1000": 0.33582}, "_map": {"MAP@1": 0.00198, "MAP@3": 0.00531, "MAP@5": 0.008, "MAP@10": 0.01379, "MAP@100": 0.06411, "MAP@1000": 0.13447}, "recall": {"Recall@1": 0.00198, "Recall@3": 0.00561, "Recall@5": 0.00881, "Recall@10": 0.0162, "Recall@100": 0.09452, "Recall@1000": 0.30744}, "precision": {"P@1": 0.78, "P@3": 0.74, "P@5": 0.696, "P@10": 0.67, "P@100": 0.4352, "P@1000": 0.15174}}