{"ndcg": {"NDCG@1": 0.26304, "NDCG@3": 0.35169, "NDCG@5": 0.38723, "NDCG@10": 0.41698, "NDCG@100": 0.46248, "NDCG@1000": 0.47746}, "_map": {"MAP@1": 0.23361, "MAP@3": 0.31808, "MAP@5": 0.33907, "MAP@10": 0.35231, "MAP@100": 0.3621, "MAP@1000": 0.36267}, "recall": {"Recall@1": 0.23361, "Recall@3": 0.41915, "Recall@5": 0.5014, "Recall@10": 0.58753, "Recall@100": 0.79171, "Recall@1000": 0.90674}, "precision": {"P@1": 0.26304, "P@3": 0.16116, "P@5": 0.11663, "P@10": 0.06944, "P@100": 0.00955, "P@1000": 0.0011}}