{"ndcg": {"NDCG@1": 0.00333, "NDCG@3": 0.00333, "NDCG@5": 0.00333, "NDCG@10": 0.00333, "NDCG@100": 0.00808, "NDCG@1000": 0.02815}, "_map": {"MAP@1": 0.00333, "MAP@3": 0.00333, "MAP@5": 0.00333, "MAP@10": 0.00333, "MAP@100": 0.00415, "MAP@1000": 0.00458}, "recall": {"Recall@1": 0.00333, "Recall@3": 0.00333, "Recall@5": 0.00333, "Recall@10": 0.00333, "Recall@100": 0.02667, "Recall@1000": 0.20094}, "precision": {"P@1": 0.00333, "P@3": 0.00111, "P@5": 0.00067, "P@10": 0.00033, "P@100": 0.00027, "P@1000": 0.00022}}