{"ndcg": {"NDCG@1": 0.41176, "NDCG@3": 0.34149, "NDCG@5": 0.3192, "NDCG@10": 0.29101, "NDCG@100": 0.2633, "NDCG@1000": 0.35238}, "_map": {"MAP@1": 0.04752, "MAP@3": 0.07108, "MAP@5": 0.08333, "MAP@10": 0.09717, "MAP@100": 0.1204, "MAP@1000": 0.13248}, "recall": {"Recall@1": 0.04752, "Recall@3": 0.07957, "Recall@5": 0.10401, "Recall@10": 0.13591, "Recall@100": 0.26819, "Recall@1000": 0.59876}, "precision": {"P@1": 0.42105, "P@3": 0.31269, "P@5": 0.26997, "P@10": 0.21269, "P@100": 0.06721, "P@1000": 0.01939}}