{"ndcg": {"NDCG@1": 0.55622, "NDCG@3": 0.48787, "NDCG@5": 0.45743, "NDCG@10": 0.42091, "NDCG@100": 0.3376, "NDCG@1000": 0.41923}, "_map": {"MAP@1": 0.02488, "MAP@3": 0.05347, "MAP@5": 0.07038, "MAP@10": 0.09656, "MAP@100": 0.1547, "MAP@1000": 0.17477}, "recall": {"Recall@1": 0.02488, "Recall@3": 0.05757, "Recall@5": 0.08141, "Recall@10": 0.12471, "Recall@100": 0.30246, "Recall@1000": 0.52667}, "precision": {"P@1": 0.59036, "P@3": 0.50335, "P@5": 0.45944, "P@10": 0.39317, "P@100": 0.13735, "P@1000": 0.03026}}