{"ndcg": {"NDCG@1": 0.41237, "NDCG@3": 0.3388, "NDCG@5": 0.30698, "NDCG@10": 0.26128, "NDCG@100": 0.27181, "NDCG@1000": 0.34065}, "_map": {"MAP@1": 0.03047, "MAP@3": 0.05859, "MAP@5": 0.07443, "MAP@10": 0.09696, "MAP@100": 0.1353, "MAP@1000": 0.1432}, "recall": {"Recall@1": 0.03047, "Recall@3": 0.06131, "Recall@5": 0.08712, "Recall@10": 0.12144, "Recall@100": 0.27602, "Recall@1000": 0.49497}, "precision": {"P@1": 0.4433, "P@3": 0.3299, "P@5": 0.29072, "P@10": 0.21031, "P@100": 0.05423, "P@1000": 0.01029}}