{"ndcg": {"NDCG@1": 0.29592, "NDCG@3": 0.26875, "NDCG@5": 0.26025, "NDCG@10": 0.23346, "NDCG@100": 0.28041, "NDCG@1000": 0.36011}, "_map": {"MAP@1": 0.02663, "MAP@3": 0.05285, "MAP@5": 0.06986, "MAP@10": 0.09257, "MAP@100": 0.12176, "MAP@1000": 0.12935}, "recall": {"Recall@1": 0.02663, "Recall@3": 0.06207, "Recall@5": 0.09301, "Recall@10": 0.14678, "Recall@100": 0.32238, "Recall@1000": 0.56882}, "precision": {"P@1": 0.34694, "P@3": 0.29932, "P@5": 0.27755, "P@10": 0.21633, "P@100": 0.05286, "P@1000": 0.01057}}