{"ndcg": {"NDCG@1": 0.0, "NDCG@3": 0.0, "NDCG@5": 0.00129, "NDCG@10": 0.00129, "NDCG@100": 0.00442, "NDCG@1000": 0.02501}, "_map": {"MAP@1": 0.0, "MAP@3": 0.0, "MAP@5": 0.00067, "MAP@10": 0.00067, "MAP@100": 0.00097, "MAP@1000": 0.00143}, "recall": {"Recall@1": 0.0, "Recall@3": 0.0, "Recall@5": 0.00333, "Recall@10": 0.00333, "Recall@100": 0.02167, "Recall@1000": 0.19828}, "precision": {"P@1": 0.0, "P@3": 0.0, "P@5": 0.00067, "P@10": 0.00033, "P@100": 0.00023, "P@1000": 0.00023}}