{"ndcg": {"NDCG@1": 0.35714, "NDCG@3": 0.35963, "NDCG@5": 0.32056, "NDCG@10": 0.30452, "NDCG@100": 0.40707, "NDCG@1000": 0.51419}, "_map": {"MAP@1": 0.03243, "MAP@3": 0.07678, "MAP@5": 0.09696, "MAP@10": 0.1348, "MAP@100": 0.19493, "MAP@1000": 0.20949}, "recall": {"Recall@1": 0.03243, "Recall@3": 0.09158, "Recall@5": 0.1232, "Recall@10": 0.19654, "Recall@100": 0.48802, "Recall@1000": 0.8164}, "precision": {"P@1": 0.40816, "P@3": 0.40136, "P@5": 0.32653, "P@10": 0.27551, "P@100": 0.08041, "P@1000": 0.01524}}