{"ndcg": {"NDCG@1": 0.142, "NDCG@3": 0.12656, "NDCG@5": 0.11917, "NDCG@10": 0.11486, "NDCG@100": 0.14232, "NDCG@1000": 0.16242}, "_map": {"MAP@1": 0.03629, "MAP@3": 0.05631, "MAP@5": 0.06278, "MAP@10": 0.07055, "MAP@100": 0.07894, "MAP@1000": 0.07988}, "recall": {"Recall@1": 0.03629, "Recall@3": 0.07177, "Recall@5": 0.08874, "Recall@10": 0.1178, "Recall@100": 0.2179, "Recall@1000": 0.32563}, "precision": {"P@1": 0.142, "P@3": 0.10333, "P@5": 0.0832, "P@10": 0.0562, "P@100": 0.0115, "P@1000": 0.00169}}