{"ndcg": {"NDCG@1": 0.24964, "NDCG@3": 0.38567, "NDCG@5": 0.43636, "NDCG@10": 0.4796, "NDCG@100": 0.52549, "NDCG@1000": 0.53139}, "_map": {"MAP@1": 0.24964, "MAP@3": 0.3523, "MAP@5": 0.38043, "MAP@10": 0.39828, "MAP@100": 0.40852, "MAP@1000": 0.40879}, "recall": {"Recall@1": 0.24964, "Recall@3": 0.48222, "Recall@5": 0.60526, "Recall@10": 0.73898, "Recall@100": 0.94523, "Recall@1000": 0.98933}, "precision": {"P@1": 0.24964, "P@3": 0.16074, "P@5": 0.12105, "P@10": 0.0739, "P@100": 0.00945, "P@1000": 0.00099}}