{"ndcg": {"NDCG@1": 0.146, "NDCG@3": 0.11335, "NDCG@5": 0.10234, "NDCG@10": 0.12443, "NDCG@100": 0.17895, "NDCG@1000": 0.2261}, "_map": {"MAP@1": 0.02978, "MAP@3": 0.04945, "MAP@5": 0.05996, "MAP@10": 0.06988, "MAP@100": 0.08145, "MAP@1000": 0.08369}, "recall": {"Recall@1": 0.02978, "Recall@3": 0.06348, "Recall@5": 0.09173, "Recall@10": 0.13233, "Recall@100": 0.29468, "Recall@1000": 0.52588}, "precision": {"P@1": 0.146, "P@3": 0.10433, "P@5": 0.0906, "P@10": 0.0651, "P@100": 0.01451, "P@1000": 0.00259}}