{"ndcg": {"NDCG@1": 0.39938, "NDCG@3": 0.34472, "NDCG@5": 0.32063, "NDCG@10": 0.2841, "NDCG@100": 0.25961, "NDCG@1000": 0.34358}, "_map": {"MAP@1": 0.04906, "MAP@3": 0.07487, "MAP@5": 0.08537, "MAP@10": 0.09753, "MAP@100": 0.12055, "MAP@1000": 0.13208}, "recall": {"Recall@1": 0.04906, "Recall@3": 0.0836, "Recall@5": 0.10113, "Recall@10": 0.12656, "Recall@100": 0.26659, "Recall@1000": 0.56094}, "precision": {"P@1": 0.41176, "P@3": 0.31992, "P@5": 0.2743, "P@10": 0.20588, "P@100": 0.06585, "P@1000": 0.01891}}