{"ndcg": {"NDCG@1": 0.11401, "NDCG@3": 0.10253, "NDCG@5": 0.11323, "NDCG@10": 0.13173, "NDCG@100": 0.1777, "NDCG@1000": 0.2067}, "_map": {"MAP@1": 0.0504, "MAP@3": 0.07185, "MAP@5": 0.07951, "MAP@10": 0.08628, "MAP@100": 0.0951, "MAP@1000": 0.09629}, "recall": {"Recall@1": 0.0504, "Recall@3": 0.09716, "Recall@5": 0.12624, "Recall@10": 0.1696, "Recall@100": 0.3362, "Recall@1000": 0.50396}, "precision": {"P@1": 0.11401, "P@3": 0.07557, "P@5": 0.05915, "P@10": 0.04098, "P@100": 0.00891, "P@1000": 0.00142}}