{"ndcg": {"NDCG@1": 0.75969, "NDCG@3": 0.70516, "NDCG@5": 0.69428, "NDCG@10": 0.64664, "NDCG@100": 0.52586, "NDCG@1000": 0.5874}, "_map": {"MAP@1": 0.02213, "MAP@3": 0.05831, "MAP@5": 0.08812, "MAP@10": 0.1265, "MAP@100": 0.2813, "MAP@1000": 0.32891}, "recall": {"Recall@1": 0.02213, "Recall@3": 0.06045, "Recall@5": 0.09486, "Recall@10": 0.13967, "Recall@100": 0.40043, "Recall@1000": 0.62812}, "precision": {"P@1": 0.95349, "P@3": 0.86047, "P@5": 0.8186, "P@10": 0.71163, "P@100": 0.30116, "P@1000": 0.05593}}