{"ndcg": {"NDCG@1": 0.01393, "NDCG@3": 0.01284, "NDCG@5": 0.01211, "NDCG@10": 0.01251, "NDCG@100": 0.01802, "NDCG@1000": 0.08907}, "_map": {"MAP@1": 0.00029, "MAP@3": 0.00058, "MAP@5": 0.00105, "MAP@10": 0.00136, "MAP@100": 0.00204, "MAP@1000": 0.00517}, "recall": {"Recall@1": 0.00029, "Recall@3": 0.0009, "Recall@5": 0.00281, "Recall@10": 0.00484, "Recall@100": 0.02414, "Recall@1000": 0.27008}, "precision": {"P@1": 0.01548, "P@3": 0.01342, "P@5": 0.01176, "P@10": 0.01238, "P@100": 0.01015, "P@1000": 0.01037}}