{"ndcg": {"NDCG@1": 0.00071, "NDCG@3": 0.00277, "NDCG@5": 0.00396, "NDCG@10": 0.00467, "NDCG@100": 0.01256, "NDCG@1000": 0.04027}, "_map": {"MAP@1": 0.00071, "MAP@3": 0.00225, "MAP@5": 0.00293, "MAP@10": 0.00323, "MAP@100": 0.00426, "MAP@1000": 0.00496}, "recall": {"Recall@1": 0.00071, "Recall@3": 0.00427, "Recall@5": 0.00711, "Recall@10": 0.00925, "Recall@100": 0.05334, "Recall@1000": 0.29232}, "precision": {"P@1": 0.00071, "P@3": 0.00142, "P@5": 0.00142, "P@10": 0.00092, "P@100": 0.00053, "P@1000": 0.00029}}