{"ndcg": {"NDCG@1": 0.0, "NDCG@3": 0.0002, "NDCG@5": 0.0002, "NDCG@10": 0.0002, "NDCG@100": 0.0002, "NDCG@1000": 0.00044}, "_map": {"MAP@1": 0.0, "MAP@3": 0.00011, "MAP@5": 0.00011, "MAP@10": 0.00011, "MAP@100": 0.00011, "MAP@1000": 0.00011}, "recall": {"Recall@1": 0.0, "Recall@3": 0.00033, "Recall@5": 0.00033, "Recall@10": 0.00033, "Recall@100": 0.00033, "Recall@1000": 0.00183}, "precision": {"P@1": 0.0, "P@3": 0.00022, "P@5": 0.00013, "P@10": 7e-05, "P@100": 1e-05, "P@1000": 1e-05}}