{"ndcg": {"NDCG@1": 0.19023, "NDCG@3": 0.16944, "NDCG@5": 0.185, "NDCG@10": 0.21203, "NDCG@100": 0.27168, "NDCG@1000": 0.30484}, "_map": {"MAP@1": 0.08622, "MAP@3": 0.12132, "MAP@5": 0.13339, "MAP@10": 0.14519, "MAP@100": 0.1587, "MAP@1000": 0.16033}, "recall": {"Recall@1": 0.08622, "Recall@3": 0.15826, "Recall@5": 0.20112, "Recall@10": 0.26257, "Recall@100": 0.46946, "Recall@1000": 0.65768}, "precision": {"P@1": 0.19023, "P@3": 0.12486, "P@5": 0.0972, "P@10": 0.06573, "P@100": 0.01284, "P@1000": 0.0019}}