{"ndcg": {"NDCG@1": 0.40875, "NDCG@3": 0.34069, "NDCG@5": 0.32104, "NDCG@10": 0.30578, "NDCG@100": 0.3281, "NDCG@1000": 0.38351}, "_map": {"MAP@1": 0.069, "MAP@3": 0.10318, "MAP@5": 0.11915, "MAP@10": 0.13743, "MAP@100": 0.1813, "MAP@1000": 0.19019}, "recall": {"Recall@1": 0.069, "Recall@3": 0.1178, "Recall@5": 0.14553, "Recall@10": 0.18659, "Recall@100": 0.36035, "Recall@1000": 0.54158}, "precision": {"P@1": 0.5025, "P@3": 0.36, "P@5": 0.3045, "P@10": 0.233, "P@100": 0.06895, "P@1000": 0.0152}}