{"ndcg": {"NDCG@1": 0.0, "NDCG@3": 0.00161, "NDCG@5": 0.0013, "NDCG@10": 0.00094, "NDCG@100": 0.00038, "NDCG@1000": 0.00297}, "_map": {"MAP@1": 0.0, "MAP@3": 0.0001, "MAP@5": 0.0001, "MAP@10": 0.0001, "MAP@100": 0.0001, "MAP@1000": 0.00013}, "recall": {"Recall@1": 0.0, "Recall@3": 0.0002, "Recall@5": 0.0002, "Recall@10": 0.0002, "Recall@100": 0.0002, "Recall@1000": 0.00874}, "precision": {"P@1": 0.0, "P@3": 0.00585, "P@5": 0.00351, "P@10": 0.00175, "P@100": 0.00018, "P@1000": 0.0004}}