{"ndcg": {"NDCG@1": 0.002, "NDCG@3": 0.00117, "NDCG@5": 0.00113, "NDCG@10": 0.00113, "NDCG@100": 0.00422, "NDCG@1000": 0.01697}, "_map": {"MAP@1": 0.0004, "MAP@3": 0.00047, "MAP@5": 0.00056, "MAP@10": 0.00056, "MAP@100": 0.00079, "MAP@1000": 0.00098}, "recall": {"Recall@1": 0.0004, "Recall@3": 0.0006, "Recall@5": 0.001, "Recall@10": 0.001, "Recall@100": 0.01138, "Recall@1000": 0.07763}, "precision": {"P@1": 0.002, "P@3": 0.001, "P@5": 0.001, "P@10": 0.0005, "P@100": 0.00056, "P@1000": 0.00038}}