{"ndcg": {"NDCG@1": 0.0, "NDCG@3": 0.0, "NDCG@5": 0.00211, "NDCG@10": 0.00535, "NDCG@100": 0.01141, "NDCG@1000": 0.0453}, "_map": {"MAP@1": 0.0, "MAP@3": 0.0, "MAP@5": 0.00111, "MAP@10": 0.00245, "MAP@100": 0.00333, "MAP@1000": 0.00414}, "recall": {"Recall@1": 0.0, "Recall@3": 0.0, "Recall@5": 0.00444, "Recall@10": 0.01444, "Recall@100": 0.04428, "Recall@1000": 0.33456}, "precision": {"P@1": 0.0, "P@3": 0.0, "P@5": 0.00133, "P@10": 0.00167, "P@100": 0.0006, "P@1000": 0.00038}}