{"ndcg": {"NDCG@1": 0.35714, "NDCG@3": 0.33101, "NDCG@5": 0.31079, "NDCG@10": 0.28616, "NDCG@100": 0.35969, "NDCG@1000": 0.4617}, "_map": {"MAP@1": 0.02775, "MAP@3": 0.06573, "MAP@5": 0.08612, "MAP@10": 0.12082, "MAP@100": 0.16812, "MAP@1000": 0.17996}, "recall": {"Recall@1": 0.02775, "Recall@3": 0.0797, "Recall@5": 0.1133, "Recall@10": 0.18521, "Recall@100": 0.42339, "Recall@1000": 0.74465}, "precision": {"P@1": 0.40816, "P@3": 0.36735, "P@5": 0.32653, "P@10": 0.26531, "P@100": 0.07, "P@1000": 0.01388}}