{"ndcg": {"NDCG@1": 0.40867, "NDCG@3": 0.34005, "NDCG@5": 0.32587, "NDCG@10": 0.29316, "NDCG@100": 0.2674, "NDCG@1000": 0.35662}, "_map": {"MAP@1": 0.04908, "MAP@3": 0.07475, "MAP@5": 0.08821, "MAP@10": 0.10085, "MAP@100": 0.12509, "MAP@1000": 0.13745}, "recall": {"Recall@1": 0.04908, "Recall@3": 0.0827, "Recall@5": 0.10778, "Recall@10": 0.13483, "Recall@100": 0.2709, "Recall@1000": 0.59901}, "precision": {"P@1": 0.41796, "P@3": 0.31063, "P@5": 0.27988, "P@10": 0.21517, "P@100": 0.06889, "P@1000": 0.0196}}