{"ndcg": {"NDCG@1": 0.00201, "NDCG@3": 0.00094, "NDCG@5": 0.00068, "NDCG@10": 0.00049, "NDCG@100": 0.00035, "NDCG@1000": 0.0013}, "_map": {"MAP@1": 8e-05, "MAP@3": 8e-05, "MAP@5": 8e-05, "MAP@10": 8e-05, "MAP@100": 8e-05, "MAP@1000": 9e-05}, "recall": {"Recall@1": 8e-05, "Recall@3": 8e-05, "Recall@5": 8e-05, "Recall@10": 8e-05, "Recall@100": 0.00013, "Recall@1000": 0.00265}, "precision": {"P@1": 0.00402, "P@3": 0.00134, "P@5": 0.0008, "P@10": 0.0004, "P@100": 0.00016, "P@1000": 0.00016}}