{"ndcg": {"NDCG@1": 0.12378, "NDCG@3": 0.10639, "NDCG@5": 0.11884, "NDCG@10": 0.13554, "NDCG@100": 0.18357, "NDCG@1000": 0.21339}, "_map": {"MAP@1": 0.05288, "MAP@3": 0.07481, "MAP@5": 0.08278, "MAP@10": 0.08934, "MAP@100": 0.09851, "MAP@1000": 0.09975}, "recall": {"Recall@1": 0.05288, "Recall@3": 0.10047, "Recall@5": 0.13214, "Recall@10": 0.17152, "Recall@100": 0.34476, "Recall@1000": 0.51654}, "precision": {"P@1": 0.12378, "P@3": 0.07818, "P@5": 0.06293, "P@10": 0.0415, "P@100": 0.00918, "P@1000": 0.00147}}