{"ndcg": {"NDCG@1": 0.20017, "NDCG@3": 0.25212, "NDCG@5": 0.27437, "NDCG@10": 0.298, "NDCG@100": 0.34043, "NDCG@1000": 0.35975}, "_map": {"MAP@1": 0.17601, "MAP@3": 0.22922, "MAP@5": 0.24173, "MAP@10": 0.25193, "MAP@100": 0.26059, "MAP@1000": 0.26126}, "recall": {"Recall@1": 0.17601, "Recall@3": 0.29328, "Recall@5": 0.34523, "Recall@10": 0.41457, "Recall@100": 0.60832, "Recall@1000": 0.75816}, "precision": {"P@1": 0.20017, "P@3": 0.11307, "P@5": 0.08007, "P@10": 0.04873, "P@100": 0.00728, "P@1000": 0.00092}}