{"ndcg": {"NDCG@1": 0.001, "NDCG@3": 0.0007, "NDCG@5": 0.00084, "NDCG@10": 0.0015, "NDCG@100": 0.00405, "NDCG@1000": 0.01647}, "_map": {"MAP@1": 0.00025, "MAP@3": 0.00032, "MAP@5": 0.00041, "MAP@10": 0.00057, "MAP@100": 0.00078, "MAP@1000": 0.00098}, "recall": {"Recall@1": 0.00025, "Recall@3": 0.00045, "Recall@5": 0.00085, "Recall@10": 0.00205, "Recall@100": 0.01043, "Recall@1000": 0.07448}, "precision": {"P@1": 0.001, "P@3": 0.00067, "P@5": 0.0008, "P@10": 0.001, "P@100": 0.00051, "P@1000": 0.00037}}