{"ndcg": {"NDCG@1": 0.00029, "NDCG@3": 0.00029, "NDCG@5": 0.0004, "NDCG@10": 0.0004, "NDCG@100": 0.00054, "NDCG@1000": 0.00152}, "_map": {"MAP@1": 0.00029, "MAP@3": 0.00029, "MAP@5": 0.00035, "MAP@10": 0.00035, "MAP@100": 0.00036, "MAP@1000": 0.00038}, "recall": {"Recall@1": 0.00029, "Recall@3": 0.00029, "Recall@5": 0.00058, "Recall@10": 0.00058, "Recall@100": 0.00145, "Recall@1000": 0.00937}, "precision": {"P@1": 0.00029, "P@3": 0.0001, "P@5": 0.00012, "P@10": 6e-05, "P@100": 1e-05, "P@1000": 1e-05}}