{"ndcg": {"NDCG@1": 0.17333, "NDCG@3": 0.21356, "NDCG@5": 0.23174, "NDCG@10": 0.2472, "NDCG@100": 0.29752, "NDCG@1000": 0.32588}, "_map": {"MAP@1": 0.15639, "MAP@3": 0.19635, "MAP@5": 0.20866, "MAP@10": 0.21543, "MAP@100": 0.22533, "MAP@1000": 0.22625}, "recall": {"Recall@1": 0.15639, "Recall@3": 0.24233, "Recall@5": 0.2865, "Recall@10": 0.33228, "Recall@100": 0.57033, "Recall@1000": 0.80156}, "precision": {"P@1": 0.17333, "P@3": 0.09222, "P@5": 0.068, "P@10": 0.03967, "P@100": 0.0067, "P@1000": 0.00092}}