{"ndcg": {"NDCG@1": 0.0, "NDCG@3": 0.0, "NDCG@5": 0.00013, "NDCG@10": 0.00023, "NDCG@100": 0.00143, "NDCG@1000": 0.00782}, "_map": {"MAP@1": 0.0, "MAP@3": 0.0, "MAP@5": 4e-05, "MAP@10": 6e-05, "MAP@100": 0.00016, "MAP@1000": 0.00025}, "recall": {"Recall@1": 0.0, "Recall@3": 0.0, "Recall@5": 0.0002, "Recall@10": 0.0004, "Recall@100": 0.0042, "Recall@1000": 0.0377}, "precision": {"P@1": 0.0, "P@3": 0.0, "P@5": 0.0002, "P@10": 0.0002, "P@100": 0.00021, "P@1000": 0.00019}}