{"ndcg": {"NDCG@1": 0.41237, "NDCG@3": 0.3437, "NDCG@5": 0.30194, "NDCG@10": 0.26126, "NDCG@100": 0.26728, "NDCG@1000": 0.33528}, "_map": {"MAP@1": 0.02918, "MAP@3": 0.05724, "MAP@5": 0.07151, "MAP@10": 0.0954, "MAP@100": 0.13083, "MAP@1000": 0.13863}, "recall": {"Recall@1": 0.02918, "Recall@3": 0.06064, "Recall@5": 0.08355, "Recall@10": 0.12049, "Recall@100": 0.27302, "Recall@1000": 0.48564}, "precision": {"P@1": 0.43299, "P@3": 0.3299, "P@5": 0.28041, "P@10": 0.21134, "P@100": 0.0534, "P@1000": 0.01016}}