{"ndcg": {"NDCG@1": 0.33746, "NDCG@3": 0.28753, "NDCG@5": 0.26643, "NDCG@10": 0.23923, "NDCG@100": 0.21077, "NDCG@1000": 0.29324}, "_map": {"MAP@1": 0.04022, "MAP@3": 0.05805, "MAP@5": 0.06564, "MAP@10": 0.07516, "MAP@100": 0.09108, "MAP@1000": 0.10045}, "recall": {"Recall@1": 0.04022, "Recall@3": 0.06419, "Recall@5": 0.07766, "Recall@10": 0.09972, "Recall@100": 0.20984, "Recall@1000": 0.50669}, "precision": {"P@1": 0.35604, "P@3": 0.26935, "P@5": 0.23096, "P@10": 0.17802, "P@100": 0.05381, "P@1000": 0.01702}}