{"ndcg": {"NDCG@1": 0.41753, "NDCG@3": 0.3388, "NDCG@5": 0.30066, "NDCG@10": 0.26113, "NDCG@100": 0.26733, "NDCG@1000": 0.33499}, "_map": {"MAP@1": 0.02973, "MAP@3": 0.05783, "MAP@5": 0.07172, "MAP@10": 0.09611, "MAP@100": 0.13114, "MAP@1000": 0.13896}, "recall": {"Recall@1": 0.02973, "Recall@3": 0.06073, "Recall@5": 0.08324, "Recall@10": 0.1223, "Recall@100": 0.27257, "Recall@1000": 0.48351}, "precision": {"P@1": 0.4433, "P@3": 0.32646, "P@5": 0.27835, "P@10": 0.21134, "P@100": 0.0534, "P@1000": 0.01012}}