{"ndcg": {"NDCG@1": 0.5502, "NDCG@3": 0.50865, "NDCG@5": 0.47163, "NDCG@10": 0.43163, "NDCG@100": 0.35055, "NDCG@1000": 0.43291}, "_map": {"MAP@1": 0.0243, "MAP@3": 0.05556, "MAP@5": 0.07453, "MAP@10": 0.1001, "MAP@100": 0.16349, "MAP@1000": 0.1847}, "recall": {"Recall@1": 0.0243, "Recall@3": 0.05992, "Recall@5": 0.08612, "Recall@10": 0.12727, "Recall@100": 0.31689, "Recall@1000": 0.542}, "precision": {"P@1": 0.59036, "P@3": 0.53146, "P@5": 0.4755, "P@10": 0.40201, "P@100": 0.14422, "P@1000": 0.03141}}