{"ndcg": {"NDCG@1": 0.33488, "NDCG@3": 0.31489, "NDCG@5": 0.32377, "NDCG@10": 0.35147, "NDCG@100": 0.41804, "NDCG@1000": 0.44824}, "_map": {"MAP@1": 0.16, "MAP@3": 0.2376, "MAP@5": 0.25638, "MAP@10": 0.27545, "MAP@100": 0.29213, "MAP@1000": 0.29382}, "recall": {"Recall@1": 0.16, "Recall@3": 0.29087, "Recall@5": 0.34244, "Recall@10": 0.42647, "Recall@100": 0.67993, "Recall@1000": 0.85966}, "precision": {"P@1": 0.33488, "P@3": 0.21399, "P@5": 0.15679, "P@10": 0.10046, "P@100": 0.01699, "P@1000": 0.00224}}