{"ndcg": {"NDCG@1": 0.23127, "NDCG@3": 0.19191, "NDCG@5": 0.20911, "NDCG@10": 0.24293, "NDCG@100": 0.31151, "NDCG@1000": 0.34446}, "_map": {"MAP@1": 0.1026, "MAP@3": 0.13977, "MAP@5": 0.15343, "MAP@10": 0.16854, "MAP@100": 0.18516, "MAP@1000": 0.18693}, "recall": {"Recall@1": 0.1026, "Recall@3": 0.17489, "Recall@5": 0.2223, "Recall@10": 0.29888, "Recall@100": 0.53758, "Recall@1000": 0.7217}, "precision": {"P@1": 0.23127, "P@3": 0.13898, "P@5": 0.10919, "P@10": 0.07668, "P@100": 0.01489, "P@1000": 0.0021}}