{"ndcg": {"NDCG@1": 0.0, "NDCG@3": 0.00109, "NDCG@5": 0.00084, "NDCG@10": 0.00093, "NDCG@100": 0.00201, "NDCG@1000": 0.00367}, "_map": {"MAP@1": 0.0, "MAP@3": 9e-05, "MAP@5": 9e-05, "MAP@10": 0.00011, "MAP@100": 0.00024, "MAP@1000": 0.00026}, "recall": {"Recall@1": 0.0, "Recall@3": 0.00028, "Recall@5": 0.00028, "Recall@10": 0.00048, "Recall@100": 0.00341, "Recall@1000": 0.00793}, "precision": {"P@1": 0.0, "P@3": 0.00585, "P@5": 0.00351, "P@10": 0.00351, "P@100": 0.00158, "P@1000": 0.00046}}