{"ndcg": {"NDCG@1": 0.8096, "NDCG@3": 0.85104, "NDCG@5": 0.86608, "NDCG@10": 0.87935, "NDCG@100": 0.89215, "NDCG@1000": 0.89331}, "_map": {"MAP@1": 0.70336, "MAP@3": 0.81276, "MAP@5": 0.83079, "MAP@10": 0.8418, "MAP@100": 0.84836, "MAP@1000": 0.84853}, "recall": {"Recall@1": 0.70336, "Recall@3": 0.86907, "Recall@5": 0.91217, "Recall@10": 0.95082, "Recall@100": 0.99429, "Recall@1000": 0.99971}, "precision": {"P@1": 0.8096, "P@3": 0.37187, "P@5": 0.2442, "P@10": 0.13338, "P@100": 0.01529, "P@1000": 0.00157}}