{"ndcg": {"NDCG@1": 0.16, "NDCG@3": 0.18743, "NDCG@5": 0.2128, "NDCG@10": 0.235, "NDCG@100": 0.28268, "NDCG@1000": 0.31234}, "_map": {"MAP@1": 0.14306, "MAP@3": 0.17311, "MAP@5": 0.18914, "MAP@10": 0.19916, "MAP@100": 0.20801, "MAP@1000": 0.20892}, "recall": {"Recall@1": 0.14306, "Recall@3": 0.20678, "Recall@5": 0.26956, "Recall@10": 0.33494, "Recall@100": 0.56672, "Recall@1000": 0.80989}, "precision": {"P@1": 0.16, "P@3": 0.08111, "P@5": 0.06333, "P@10": 0.03967, "P@100": 0.00667, "P@1000": 0.00093}}