{"ndcg": {"NDCG@1": 0.45582, "NDCG@3": 0.41771, "NDCG@5": 0.39844, "NDCG@10": 0.3665, "NDCG@100": 0.28734, "NDCG@1000": 0.35769}, "_map": {"MAP@1": 0.0192, "MAP@3": 0.04256, "MAP@5": 0.05782, "MAP@10": 0.07846, "MAP@100": 0.12202, "MAP@1000": 0.13787}, "recall": {"Recall@1": 0.0192, "Recall@3": 0.04714, "Recall@5": 0.06816, "Recall@10": 0.10333, "Recall@100": 0.25597, "Recall@1000": 0.45269}, "precision": {"P@1": 0.50201, "P@3": 0.43775, "P@5": 0.40723, "P@10": 0.34779, "P@100": 0.1196, "P@1000": 0.02661}}