{"ndcg": {"NDCG@1": 0.41753, "NDCG@3": 0.33874, "NDCG@5": 0.30693, "NDCG@10": 0.26213, "NDCG@100": 0.27149, "NDCG@1000": 0.34029}, "_map": {"MAP@1": 0.02987, "MAP@3": 0.05852, "MAP@5": 0.07419, "MAP@10": 0.09768, "MAP@100": 0.13534, "MAP@1000": 0.14329}, "recall": {"Recall@1": 0.02987, "Recall@3": 0.0615, "Recall@5": 0.0874, "Recall@10": 0.12332, "Recall@100": 0.27523, "Recall@1000": 0.49357}, "precision": {"P@1": 0.4433, "P@3": 0.3299, "P@5": 0.29072, "P@10": 0.21237, "P@100": 0.05402, "P@1000": 0.01027}}