{"ndcg": {"NDCG@1": 0.115, "NDCG@3": 0.08967, "NDCG@5": 0.07814, "NDCG@10": 0.09509, "NDCG@100": 0.14214, "NDCG@1000": 0.1878}, "_map": {"MAP@1": 0.02342, "MAP@3": 0.03857, "MAP@5": 0.04469, "MAP@10": 0.05177, "MAP@100": 0.06076, "MAP@1000": 0.06267}, "recall": {"Recall@1": 0.02342, "Recall@3": 0.05005, "Recall@5": 0.06875, "Recall@10": 0.09965, "Recall@100": 0.24008, "Recall@1000": 0.46637}, "precision": {"P@1": 0.115, "P@3": 0.08233, "P@5": 0.0678, "P@10": 0.0492, "P@100": 0.01182, "P@1000": 0.0023}}