{"ndcg": {"NDCG@1": 0.37281, "NDCG@3": 0.34712, "NDCG@5": 0.34096, "NDCG@10": 0.31295, "NDCG@100": 0.3271, "NDCG@1000": 0.42799}, "_map": {"MAP@1": 0.01545, "MAP@3": 0.0343, "MAP@5": 0.04966, "MAP@10": 0.07274, "MAP@100": 0.14973, "MAP@1000": 0.17265}, "recall": {"Recall@1": 0.01545, "Recall@3": 0.04358, "Recall@5": 0.07355, "Recall@10": 0.11164, "Recall@100": 0.35042, "Recall@1000": 0.61729}, "precision": {"P@1": 0.52632, "P@3": 0.47368, "P@5": 0.44211, "P@10": 0.37018, "P@100": 0.14158, "P@1000": 0.02949}}