{"ndcg": {"NDCG@1": 0.81, "NDCG@3": 0.85116, "NDCG@5": 0.86639, "NDCG@10": 0.87969, "NDCG@100": 0.89241, "NDCG@1000": 0.89358}, "_map": {"MAP@1": 0.70403, "MAP@3": 0.81305, "MAP@5": 0.83116, "MAP@10": 0.84219, "MAP@100": 0.84872, "MAP@1000": 0.84889}, "recall": {"Recall@1": 0.70403, "Recall@3": 0.86892, "Recall@5": 0.91238, "Recall@10": 0.95112, "Recall@100": 0.99426, "Recall@1000": 0.99971}, "precision": {"P@1": 0.81, "P@3": 0.37177, "P@5": 0.24422, "P@10": 0.13339, "P@100": 0.01528, "P@1000": 0.00157}}