{"ndcg": {"NDCG@1": 0.39938, "NDCG@3": 0.33855, "NDCG@5": 0.32449, "NDCG@10": 0.2922, "NDCG@100": 0.26722, "NDCG@1000": 0.35652}, "_map": {"MAP@1": 0.04878, "MAP@3": 0.07444, "MAP@5": 0.0879, "MAP@10": 0.10083, "MAP@100": 0.12492, "MAP@1000": 0.13728}, "recall": {"Recall@1": 0.04878, "Recall@3": 0.08258, "Recall@5": 0.10745, "Recall@10": 0.13769, "Recall@100": 0.27179, "Recall@1000": 0.60139}, "precision": {"P@1": 0.40867, "P@3": 0.31166, "P@5": 0.27988, "P@10": 0.21455, "P@100": 0.06898, "P@1000": 0.01959}}