{"ndcg": {"NDCG@1": 0.31173, "NDCG@3": 0.28304, "NDCG@5": 0.29229, "NDCG@10": 0.3154, "NDCG@100": 0.38303, "NDCG@1000": 0.41994}, "_map": {"MAP@1": 0.15298, "MAP@3": 0.21381, "MAP@5": 0.23109, "MAP@10": 0.24647, "MAP@100": 0.26295, "MAP@1000": 0.26488}, "recall": {"Recall@1": 0.15298, "Recall@3": 0.2514, "Recall@5": 0.30424, "Recall@10": 0.37338, "Recall@100": 0.62952, "Recall@1000": 0.85675}, "precision": {"P@1": 0.31173, "P@3": 0.18981, "P@5": 0.13673, "P@10": 0.08796, "P@100": 0.01573, "P@1000": 0.00222}}