{"ndcg": {"NDCG@1": 0.36333, "NDCG@3": 0.43231, "NDCG@5": 0.45793, "NDCG@10": 0.48103, "NDCG@100": 0.52292, "NDCG@1000": 0.53787}, "_map": {"MAP@1": 0.34206, "MAP@3": 0.40496, "MAP@5": 0.42257, "MAP@10": 0.43303, "MAP@100": 0.44131, "MAP@1000": 0.44177}, "recall": {"Recall@1": 0.34206, "Recall@3": 0.48394, "Recall@5": 0.54811, "Recall@10": 0.61517, "Recall@100": 0.81533, "Recall@1000": 0.93767}, "precision": {"P@1": 0.36333, "P@3": 0.17778, "P@5": 0.12333, "P@10": 0.06967, "P@100": 0.0093, "P@1000": 0.00106}}