{"ndcg": {"NDCG@1": 0.52, "NDCG@3": 0.42642, "NDCG@5": 0.4013, "NDCG@10": 0.38142, "NDCG@100": 0.21106, "NDCG@1000": 0.13679}, "_map": {"MAP@1": 0.00145, "MAP@3": 0.00298, "MAP@5": 0.00416, "MAP@10": 0.00652, "MAP@100": 0.01996, "MAP@1000": 0.03041}, "recall": {"Recall@1": 0.00145, "Recall@3": 0.00323, "Recall@5": 0.00495, "Recall@10": 0.00891, "Recall@100": 0.04103, "Recall@1000": 0.11486}, "precision": {"P@1": 0.6, "P@3": 0.45333, "P@5": 0.424, "P@10": 0.398, "P@100": 0.1992, "P@1000": 0.05676}}