{"ndcg": {"NDCG@1": 0.26462, "NDCG@3": 0.28159, "NDCG@5": 0.2647, "NDCG@10": 0.24618, "NDCG@100": 0.23106, "NDCG@1000": 0.31551}, "_map": {"MAP@1": 0.01328, "MAP@3": 0.02656, "MAP@5": 0.03576, "MAP@10": 0.052, "MAP@100": 0.09035, "MAP@1000": 0.10428}, "recall": {"Recall@1": 0.01328, "Recall@3": 0.0335, "Recall@5": 0.04762, "Recall@10": 0.07976, "Recall@100": 0.24464, "Recall@1000": 0.45945}, "precision": {"P@1": 0.42105, "P@3": 0.39766, "P@5": 0.35088, "P@10": 0.30526, "P@100": 0.1, "P@1000": 0.02249}}