{"ndcg": {"NDCG@1": 0.32562, "NDCG@3": 0.3064, "NDCG@5": 0.31432, "NDCG@10": 0.34344, "NDCG@100": 0.41073, "NDCG@1000": 0.44237}, "_map": {"MAP@1": 0.15759, "MAP@3": 0.23174, "MAP@5": 0.25052, "MAP@10": 0.26941, "MAP@100": 0.28602, "MAP@1000": 0.28783}, "recall": {"Recall@1": 0.15759, "Recall@3": 0.28285, "Recall@5": 0.33047, "Recall@10": 0.41739, "Recall@100": 0.67351, "Recall@1000": 0.86264}, "precision": {"P@1": 0.32562, "P@3": 0.20679, "P@5": 0.15123, "P@10": 0.0983, "P@100": 0.01671, "P@1000": 0.00224}}