{"ndcg": {"NDCG@1": 0.47375, "NDCG@3": 0.38986, "NDCG@5": 0.36344, "NDCG@10": 0.34067, "NDCG@100": 0.37875, "NDCG@1000": 0.44563}, "_map": {"MAP@1": 0.07474, "MAP@3": 0.1131, "MAP@5": 0.12973, "MAP@10": 0.15267, "MAP@100": 0.21097, "MAP@1000": 0.22321}, "recall": {"Recall@1": 0.07474, "Recall@3": 0.12607, "Recall@5": 0.15374, "Recall@10": 0.20279, "Recall@100": 0.43685, "Recall@1000": 0.64351}, "precision": {"P@1": 0.595, "P@3": 0.41417, "P@5": 0.3465, "P@10": 0.26375, "P@100": 0.08358, "P@1000": 0.01785}}