{"ndcg": {"NDCG@1": 0.143, "NDCG@3": 0.11406, "NDCG@5": 0.10023, "NDCG@10": 0.12063, "NDCG@100": 0.17663, "NDCG@1000": 0.22209}, "_map": {"MAP@1": 0.02917, "MAP@3": 0.05003, "MAP@5": 0.05887, "MAP@10": 0.06823, "MAP@100": 0.07974, "MAP@1000": 0.08187}, "recall": {"Recall@1": 0.02917, "Recall@3": 0.06477, "Recall@5": 0.08937, "Recall@10": 0.12708, "Recall@100": 0.29448, "Recall@1000": 0.51845}, "precision": {"P@1": 0.143, "P@3": 0.10633, "P@5": 0.0882, "P@10": 0.0626, "P@100": 0.01452, "P@1000": 0.00255}}