{"ndcg": {"NDCG@1": 0.29592, "NDCG@3": 0.27468, "NDCG@5": 0.25149, "NDCG@10": 0.22487, "NDCG@100": 0.27646, "NDCG@1000": 0.35683}, "_map": {"MAP@1": 0.02453, "MAP@3": 0.05231, "MAP@5": 0.06609, "MAP@10": 0.08675, "MAP@100": 0.11696, "MAP@1000": 0.12458}, "recall": {"Recall@1": 0.02453, "Recall@3": 0.0638, "Recall@5": 0.08909, "Recall@10": 0.13802, "Recall@100": 0.31791, "Recall@1000": 0.56438}, "precision": {"P@1": 0.32653, "P@3": 0.31293, "P@5": 0.26531, "P@10": 0.20408, "P@100": 0.05245, "P@1000": 0.01053}}