{"ndcg": {"NDCG@1": 0.02477, "NDCG@3": 0.01802, "NDCG@5": 0.01734, "NDCG@10": 0.01711, "NDCG@100": 0.02713, "NDCG@1000": 0.1105}, "_map": {"MAP@1": 0.00157, "MAP@3": 0.00193, "MAP@5": 0.00213, "MAP@10": 0.0024, "MAP@100": 0.00382, "MAP@1000": 0.00787}, "recall": {"Recall@1": 0.00157, "Recall@3": 0.0023, "Recall@5": 0.00322, "Recall@10": 0.00524, "Recall@100": 0.03994, "Recall@1000": 0.3143}, "precision": {"P@1": 0.02786, "P@3": 0.01754, "P@5": 0.01672, "P@10": 0.01641, "P@100": 0.01263, "P@1000": 0.01189}}