{"ndcg": {"NDCG@1": 0.21605, "NDCG@3": 0.17952, "NDCG@5": 0.18597, "NDCG@10": 0.20463, "NDCG@100": 0.26167, "NDCG@1000": 0.29978}, "_map": {"MAP@1": 0.09775, "MAP@3": 0.12919, "MAP@5": 0.13969, "MAP@10": 0.14944, "MAP@100": 0.16162, "MAP@1000": 0.16334}, "recall": {"Recall@1": 0.09775, "Recall@3": 0.15313, "Recall@5": 0.18984, "Recall@10": 0.24606, "Recall@100": 0.46615, "Recall@1000": 0.70323}, "precision": {"P@1": 0.21605, "P@3": 0.11986, "P@5": 0.0892, "P@10": 0.05849, "P@100": 0.0115, "P@1000": 0.00181}}