{"ndcg": {"NDCG@1": 0.17333, "NDCG@3": 0.21479, "NDCG@5": 0.23268, "NDCG@10": 0.24603, "NDCG@100": 0.2967, "NDCG@1000": 0.32587}, "_map": {"MAP@1": 0.15639, "MAP@3": 0.19691, "MAP@5": 0.20888, "MAP@10": 0.21483, "MAP@100": 0.22496, "MAP@1000": 0.2259}, "recall": {"Recall@1": 0.15639, "Recall@3": 0.24567, "Recall@5": 0.28983, "Recall@10": 0.32894, "Recall@100": 0.567, "Recall@1000": 0.80489}, "precision": {"P@1": 0.17333, "P@3": 0.09333, "P@5": 0.06867, "P@10": 0.03933, "P@100": 0.00667, "P@1000": 0.00092}}