{"ndcg": {"NDCG@1": 0.33127, "NDCG@3": 0.28334, "NDCG@5": 0.26062, "NDCG@10": 0.23445, "NDCG@100": 0.20714, "NDCG@1000": 0.29064}, "_map": {"MAP@1": 0.04069, "MAP@3": 0.05947, "MAP@5": 0.06557, "MAP@10": 0.07468, "MAP@100": 0.09013, "MAP@1000": 0.09937}, "recall": {"Recall@1": 0.04069, "Recall@3": 0.06656, "Recall@5": 0.07693, "Recall@10": 0.09654, "Recall@100": 0.20591, "Recall@1000": 0.50488}, "precision": {"P@1": 0.35294, "P@3": 0.26832, "P@5": 0.22539, "P@10": 0.1743, "P@100": 0.05341, "P@1000": 0.01696}}