{"ndcg": {"NDCG@1": 0.142, "NDCG@3": 0.12266, "NDCG@5": 0.1141, "NDCG@10": 0.11328, "NDCG@100": 0.13907, "NDCG@1000": 0.15859}, "_map": {"MAP@1": 0.0383, "MAP@3": 0.05489, "MAP@5": 0.06147, "MAP@10": 0.06925, "MAP@100": 0.07751, "MAP@1000": 0.07849}, "recall": {"Recall@1": 0.0383, "Recall@3": 0.06667, "Recall@5": 0.08405, "Recall@10": 0.11581, "Recall@100": 0.20863, "Recall@1000": 0.30905}, "precision": {"P@1": 0.142, "P@3": 0.09867, "P@5": 0.0772, "P@10": 0.0556, "P@100": 0.01112, "P@1000": 0.00165}}