{"ndcg": {"NDCG@1": 0.55622, "NDCG@3": 0.50759, "NDCG@5": 0.47281, "NDCG@10": 0.43352, "NDCG@100": 0.35101, "NDCG@1000": 0.43366}, "_map": {"MAP@1": 0.02468, "MAP@3": 0.0558, "MAP@5": 0.07469, "MAP@10": 0.10089, "MAP@100": 0.16407, "MAP@1000": 0.18536}, "recall": {"Recall@1": 0.02468, "Recall@3": 0.05983, "Recall@5": 0.08602, "Recall@10": 0.12812, "Recall@100": 0.31579, "Recall@1000": 0.54192}, "precision": {"P@1": 0.59839, "P@3": 0.53012, "P@5": 0.47711, "P@10": 0.40321, "P@100": 0.1441, "P@1000": 0.03145}}