{"ndcg": {"NDCG@1": 0.137, "NDCG@3": 0.11115, "NDCG@5": 0.0961, "NDCG@10": 0.11715, "NDCG@100": 0.17116, "NDCG@1000": 0.21878}, "_map": {"MAP@1": 0.02793, "MAP@3": 0.04779, "MAP@5": 0.05608, "MAP@10": 0.06513, "MAP@100": 0.07653, "MAP@1000": 0.07869}, "recall": {"Recall@1": 0.02793, "Recall@3": 0.06298, "Recall@5": 0.08458, "Recall@10": 0.12337, "Recall@100": 0.28405, "Recall@1000": 0.51818}, "precision": {"P@1": 0.137, "P@3": 0.10333, "P@5": 0.0834, "P@10": 0.0608, "P@100": 0.01399, "P@1000": 0.00255}}