{"ndcg": {"NDCG@1": 0.21296, "NDCG@3": 0.18309, "NDCG@5": 0.1889, "NDCG@10": 0.208, "NDCG@100": 0.26665, "NDCG@1000": 0.30505}, "_map": {"MAP@1": 0.09747, "MAP@3": 0.13186, "MAP@5": 0.14205, "MAP@10": 0.15212, "MAP@100": 0.16441, "MAP@1000": 0.16616}, "recall": {"Recall@1": 0.09747, "Recall@3": 0.15864, "Recall@5": 0.19493, "Recall@10": 0.25081, "Recall@100": 0.4789, "Recall@1000": 0.71974}, "precision": {"P@1": 0.21296, "P@3": 0.12449, "P@5": 0.09012, "P@10": 0.05988, "P@100": 0.01182, "P@1000": 0.00184}}