{"ndcg": {"NDCG@1": 0.20626, "NDCG@3": 0.25985, "NDCG@5": 0.2827, "NDCG@10": 0.30573, "NDCG@100": 0.34819, "NDCG@1000": 0.36817}, "_map": {"MAP@1": 0.18146, "MAP@3": 0.23675, "MAP@5": 0.2498, "MAP@10": 0.25967, "MAP@100": 0.26854, "MAP@1000": 0.26924}, "recall": {"Recall@1": 0.18146, "Recall@3": 0.30164, "Recall@5": 0.35434, "Recall@10": 0.42137, "Recall@100": 0.61411, "Recall@1000": 0.76859}, "precision": {"P@1": 0.20626, "P@3": 0.11597, "P@5": 0.08239, "P@10": 0.04968, "P@100": 0.00735, "P@1000": 0.00093}}