{"ndcg": {"NDCG@1": 0.2532, "NDCG@3": 0.38679, "NDCG@5": 0.43564, "NDCG@10": 0.48139, "NDCG@100": 0.52723, "NDCG@1000": 0.53294}, "_map": {"MAP@1": 0.2532, "MAP@3": 0.35254, "MAP@5": 0.3796, "MAP@10": 0.39873, "MAP@100": 0.40915, "MAP@1000": 0.40939}, "recall": {"Recall@1": 0.2532, "Recall@3": 0.48649, "Recall@5": 0.60526, "Recall@10": 0.74538, "Recall@100": 0.9495, "Recall@1000": 0.99289}, "precision": {"P@1": 0.2532, "P@3": 0.16216, "P@5": 0.12105, "P@10": 0.07454, "P@100": 0.0095, "P@1000": 0.00099}}