{"ndcg": {"NDCG@1": 0.142, "NDCG@3": 0.12656, "NDCG@5": 0.11946, "NDCG@10": 0.11508, "NDCG@100": 0.14226, "NDCG@1000": 0.16229}, "_map": {"MAP@1": 0.03629, "MAP@3": 0.05634, "MAP@5": 0.06287, "MAP@10": 0.07069, "MAP@100": 0.07903, "MAP@1000": 0.07996}, "recall": {"Recall@1": 0.03629, "Recall@3": 0.07172, "Recall@5": 0.08859, "Recall@10": 0.1179, "Recall@100": 0.2174, "Recall@1000": 0.32471}, "precision": {"P@1": 0.142, "P@3": 0.10333, "P@5": 0.0836, "P@10": 0.0564, "P@100": 0.01148, "P@1000": 0.00168}}