{"ndcg": {"NDCG@1": 0.15718, "NDCG@3": 0.24788, "NDCG@5": 0.28228, "NDCG@10": 0.32432, "NDCG@100": 0.38179, "NDCG@1000": 0.39935}, "_map": {"MAP@1": 0.15718, "MAP@3": 0.22499, "MAP@5": 0.24398, "MAP@10": 0.26143, "MAP@100": 0.27258, "MAP@1000": 0.27315}, "recall": {"Recall@1": 0.15718, "Recall@3": 0.31437, "Recall@5": 0.39829, "Recall@10": 0.52774, "Recall@100": 0.8037, "Recall@1000": 0.94666}, "precision": {"P@1": 0.15718, "P@3": 0.10479, "P@5": 0.07966, "P@10": 0.05277, "P@100": 0.00804, "P@1000": 0.00095}}