{"ndcg": {"NDCG@1": 0.47953, "NDCG@3": 0.42737, "NDCG@5": 0.4199, "NDCG@10": 0.3985, "NDCG@100": 0.41163, "NDCG@1000": 0.51665}, "_map": {"MAP@1": 0.01777, "MAP@3": 0.0483, "MAP@5": 0.06592, "MAP@10": 0.10464, "MAP@100": 0.21335, "MAP@1000": 0.2444}, "recall": {"Recall@1": 0.01777, "Recall@3": 0.06154, "Recall@5": 0.08646, "Recall@10": 0.15116, "Recall@100": 0.4342, "Recall@1000": 0.71161}, "precision": {"P@1": 0.64912, "P@3": 0.54971, "P@5": 0.51228, "P@10": 0.46316, "P@100": 0.18053, "P@1000": 0.03565}}