{"ndcg": {"NDCG@1": 0.02, "NDCG@3": 0.01642, "NDCG@5": 0.01187, "NDCG@10": 0.00964, "NDCG@100": 0.01059, "NDCG@1000": 0.01659}, "_map": {"MAP@1": 3e-05, "MAP@3": 5e-05, "MAP@5": 5e-05, "MAP@10": 7e-05, "MAP@100": 0.00016, "MAP@1000": 0.00039}, "recall": {"Recall@1": 3e-05, "Recall@3": 0.0001, "Recall@5": 0.0001, "Recall@10": 0.00016, "Recall@100": 0.00248, "Recall@1000": 0.01898}, "precision": {"P@1": 0.02, "P@3": 0.02, "P@5": 0.012, "P@10": 0.01, "P@100": 0.0126, "P@1000": 0.00922}}