{"ndcg": {"NDCG@1": 0.26462, "NDCG@3": 0.27657, "NDCG@5": 0.26402, "NDCG@10": 0.24503, "NDCG@100": 0.23081, "NDCG@1000": 0.3151}, "_map": {"MAP@1": 0.01328, "MAP@3": 0.02603, "MAP@5": 0.03595, "MAP@10": 0.05232, "MAP@100": 0.09066, "MAP@1000": 0.10463}, "recall": {"Recall@1": 0.01328, "Recall@3": 0.03131, "Recall@5": 0.0479, "Recall@10": 0.07955, "Recall@100": 0.24487, "Recall@1000": 0.45737}, "precision": {"P@1": 0.42105, "P@3": 0.39181, "P@5": 0.35439, "P@10": 0.30351, "P@100": 0.10018, "P@1000": 0.02242}}