{"ndcg": {"NDCG@1": 0.34365, "NDCG@3": 0.28708, "NDCG@5": 0.26733, "NDCG@10": 0.2389, "NDCG@100": 0.21098, "NDCG@1000": 0.29389}, "_map": {"MAP@1": 0.04085, "MAP@3": 0.05839, "MAP@5": 0.06593, "MAP@10": 0.07525, "MAP@100": 0.09119, "MAP@1000": 0.10057}, "recall": {"Recall@1": 0.04085, "Recall@3": 0.06404, "Recall@5": 0.07772, "Recall@10": 0.09957, "Recall@100": 0.20915, "Recall@1000": 0.50863}, "precision": {"P@1": 0.36223, "P@3": 0.26729, "P@5": 0.23158, "P@10": 0.17678, "P@100": 0.05365, "P@1000": 0.01701}}