{"ndcg": {"NDCG@1": 0.8047, "NDCG@3": 0.84589, "NDCG@5": 0.86234, "NDCG@10": 0.87582, "NDCG@100": 0.88896, "NDCG@1000": 0.89009}, "_map": {"MAP@1": 0.69894, "MAP@3": 0.80763, "MAP@5": 0.82635, "MAP@10": 0.83744, "MAP@100": 0.84399, "MAP@1000": 0.84415}, "recall": {"Recall@1": 0.69894, "Recall@3": 0.8641, "Recall@5": 0.91018, "Recall@10": 0.94936, "Recall@100": 0.99446, "Recall@1000": 0.99971}, "precision": {"P@1": 0.8047, "P@3": 0.36963, "P@5": 0.2434, "P@10": 0.13299, "P@100": 0.01528, "P@1000": 0.00157}}