{"ndcg": {"NDCG@1": 0.4125, "NDCG@3": 0.34284, "NDCG@5": 0.32287, "NDCG@10": 0.3066, "NDCG@100": 0.32804, "NDCG@1000": 0.38346}, "_map": {"MAP@1": 0.0692, "MAP@3": 0.10333, "MAP@5": 0.11902, "MAP@10": 0.13726, "MAP@100": 0.18118, "MAP@1000": 0.1901}, "recall": {"Recall@1": 0.0692, "Recall@3": 0.11764, "Recall@5": 0.14478, "Recall@10": 0.18641, "Recall@100": 0.35936, "Recall@1000": 0.54085}, "precision": {"P@1": 0.5075, "P@3": 0.36167, "P@5": 0.306, "P@10": 0.23325, "P@100": 0.06888, "P@1000": 0.0152}}