{"ndcg": {"NDCG@1": 0.49, "NDCG@3": 0.41888, "NDCG@5": 0.39775, "NDCG@10": 0.37565, "NDCG@100": 0.21031, "NDCG@1000": 0.13661}, "_map": {"MAP@1": 0.00138, "MAP@3": 0.00295, "MAP@5": 0.00412, "MAP@10": 0.00646, "MAP@100": 0.01993, "MAP@1000": 0.03042}, "recall": {"Recall@1": 0.00138, "Recall@3": 0.00323, "Recall@5": 0.00494, "Recall@10": 0.00877, "Recall@100": 0.04089, "Recall@1000": 0.11484}, "precision": {"P@1": 0.56, "P@3": 0.45333, "P@5": 0.424, "P@10": 0.394, "P@100": 0.1988, "P@1000": 0.05694}}