{"ndcg": {"NDCG@1": 0.00774, "NDCG@3": 0.00583, "NDCG@5": 0.00757, "NDCG@10": 0.00836, "NDCG@100": 0.01762, "NDCG@1000": 0.08765}, "_map": {"MAP@1": 8e-05, "MAP@3": 0.00012, "MAP@5": 0.00051, "MAP@10": 0.0007, "MAP@100": 0.00162, "MAP@1000": 0.00467}, "recall": {"Recall@1": 8e-05, "Recall@3": 0.00021, "Recall@5": 0.00204, "Recall@10": 0.00361, "Recall@100": 0.02933, "Recall@1000": 0.25985}, "precision": {"P@1": 0.00929, "P@3": 0.00619, "P@5": 0.00805, "P@10": 0.00898, "P@100": 0.00988, "P@1000": 0.01021}}