{"ndcg": {"NDCG@1": 0.116, "NDCG@3": 0.08961, "NDCG@5": 0.07883, "NDCG@10": 0.09552, "NDCG@100": 0.14243, "NDCG@1000": 0.18825}, "_map": {"MAP@1": 0.02362, "MAP@3": 0.03863, "MAP@5": 0.04506, "MAP@10": 0.05211, "MAP@100": 0.06103, "MAP@1000": 0.06293}, "recall": {"Recall@1": 0.02362, "Recall@3": 0.04985, "Recall@5": 0.06955, "Recall@10": 0.10005, "Recall@100": 0.24042, "Recall@1000": 0.46757}, "precision": {"P@1": 0.116, "P@3": 0.082, "P@5": 0.0686, "P@10": 0.0494, "P@100": 0.01183, "P@1000": 0.0023}}