{"ndcg": {"NDCG@1": 0.0019, "NDCG@3": 0.00254, "NDCG@5": 0.00302, "NDCG@10": 0.00405, "NDCG@100": 0.00805, "NDCG@1000": 0.01759}, "_map": {"MAP@1": 0.00127, "MAP@3": 0.002, "MAP@5": 0.00228, "MAP@10": 0.0027, "MAP@100": 0.00329, "MAP@1000": 0.00353}, "recall": {"Recall@1": 0.00127, "Recall@3": 0.00294, "Recall@5": 0.00412, "Recall@10": 0.00709, "Recall@100": 0.02687, "Recall@1000": 0.10197}, "precision": {"P@1": 0.0019, "P@3": 0.00143, "P@5": 0.00118, "P@10": 0.00102, "P@100": 0.00038, "P@1000": 0.00015}}