{"ndcg": {"NDCG@1": 0.00071, "NDCG@3": 0.00312, "NDCG@5": 0.00426, "NDCG@10": 0.00608, "NDCG@100": 0.01744, "NDCG@1000": 0.04667}, "_map": {"MAP@1": 0.00071, "MAP@3": 0.00249, "MAP@5": 0.00309, "MAP@10": 0.00384, "MAP@100": 0.00553, "MAP@1000": 0.00627}, "recall": {"Recall@1": 0.00071, "Recall@3": 0.00498, "Recall@5": 0.00782, "Recall@10": 0.01351, "Recall@100": 0.07397, "Recall@1000": 0.32575}, "precision": {"P@1": 0.00071, "P@3": 0.00166, "P@5": 0.00156, "P@10": 0.00135, "P@100": 0.00074, "P@1000": 0.00033}}