{"ndcg": {"NDCG@1": 0.33333, "NDCG@3": 0.31272, "NDCG@5": 0.32485, "NDCG@10": 0.3504, "NDCG@100": 0.4172, "NDCG@1000": 0.44741}, "_map": {"MAP@1": 0.15845, "MAP@3": 0.23529, "MAP@5": 0.25665, "MAP@10": 0.2744, "MAP@100": 0.29112, "MAP@1000": 0.2928}, "recall": {"Recall@1": 0.15845, "Recall@3": 0.28796, "Recall@5": 0.34666, "Recall@10": 0.42522, "Recall@100": 0.67968, "Recall@1000": 0.85966}, "precision": {"P@1": 0.33333, "P@3": 0.21296, "P@5": 0.15864, "P@10": 0.10046, "P@100": 0.01699, "P@1000": 0.00224}}