{"ndcg": {"NDCG@1": 0.4025, "NDCG@3": 0.33984, "NDCG@5": 0.31806, "NDCG@10": 0.3008, "NDCG@100": 0.32023, "NDCG@1000": 0.37542}, "_map": {"MAP@1": 0.07341, "MAP@3": 0.10564, "MAP@5": 0.11916, "MAP@10": 0.13669, "MAP@100": 0.17743, "MAP@1000": 0.18598}, "recall": {"Recall@1": 0.07341, "Recall@3": 0.11744, "Recall@5": 0.14098, "Recall@10": 0.18188, "Recall@100": 0.34565, "Recall@1000": 0.53015}, "precision": {"P@1": 0.495, "P@3": 0.36667, "P@5": 0.3025, "P@10": 0.226, "P@100": 0.06653, "P@1000": 0.01471}}