{"ndcg": {"NDCG@1": 0.803, "NDCG@3": 0.84601, "NDCG@5": 0.86212, "NDCG@10": 0.87548, "NDCG@100": 0.88864, "NDCG@1000": 0.88982}, "_map": {"MAP@1": 0.69838, "MAP@3": 0.80749, "MAP@5": 0.82621, "MAP@10": 0.83717, "MAP@100": 0.84381, "MAP@1000": 0.84398}, "recall": {"Recall@1": 0.69838, "Recall@3": 0.86517, "Recall@5": 0.9104, "Recall@10": 0.94954, "Recall@100": 0.99419, "Recall@1000": 0.99967}, "precision": {"P@1": 0.803, "P@3": 0.3698, "P@5": 0.24338, "P@10": 0.1329, "P@100": 0.01526, "P@1000": 0.00157}}